PopSize: 300, Gens: 0
0, 122.61
1, 122.899
2, 123.158
3, 123.318
4, 123.471
5, 123.665
6, 123.755
7, 123.904
8, 123.963
9, 124.118
10, 124.226
11, 124.326
12, 124.37
13, 124.47
14, 124.503
15, 124.57
16, 124.687
17, 124.792
18, 124.824
19, 124.878
20, 124.982
21, 124.958
22, 125.021
23, 125.047
24, 125.127
25, 125.18
26, 125.191
27, 125.138
28, 125.351
29, 125.468
30, 125.456
31, 125.61
32, 125.667
33, 125.777
34, 125.912
35, 125.88
36, 125.988
37, 126.042
38, 126.103
39, 126.084
40, 126.12
41, 126.199
42, 126.222
43, 126.278
44, 126.174
45, 126.314
46, 126.404
47, 126.353
48, 126.469
49, 126.62
50, 126.615
51, 126.594
52, 126.667
53, 126.724
54, 126.858
55, 126.852
56, 126.912
57, 127.047
58, 127.17
59, 127.486
60, 127.589
61, 127.929
62, 127.945
63, 128.272
64, 128.155
65, 128.204
66, 128.258
67, 128.457
68, 128.59
69, 128.648
70, 128.555
71, 128.871
72, 129.064
73, 128.926
74, 129.162
75, 129.288
76, 129.2
77, 129.144
78, 129.218
79, 129.263
80, 129.228
81, 129.399
82, 129.492
83, 129.491
84, 129.707
85, 129.453
86, 129.546
87, 129.484
88, 129.915
89, 129.857
90, 129.813
91, 129.971
92, 130.094
93, 130.019
94, 130.278
95, 130.204
96, 130.113
97, 130.068
98, 130.242
99, 130.088
100, 130.049
101, 130.467
102, 130.22
103, 130.472
104, 130.433
105, 130.331
106, 130.407
107, 130.555
108, 130.71
109, 130.683
110, 130.681
111, 130.63
112, 130.72
113, 130.715
114, 130.725
115, 130.866
116, 130.969
117, 130.682
118, 130.948
119, 130.936
120, 130.696
121, 130.785
122, 130.945
123, 130.966
124, 131.126
125, 131.324
126, 130.921
127, 131.055
128, 131.338
129, 131.096
130, 131.002
131, 131.146
132, 131.286
133, 130.672
134, 131.216
135, 131.178
136, 131.369
137, 131.515
138, 131.413
139, 131.526
140, 131.462
141, 131.416
142, 131.615
143, 131.342
144, 131.509
145, 131.516
146, 131.531
147, 131.632
148, 131.672
149, 131.66
150, 131.589
151, 131.683
152, 131.839
153, 131.8
154, 131.798
155, 131.741
156, 131.684
157, 131.772
158, 131.695
159, 131.812
160, 131.877
161, 131.866
162, 131.949
163, 132.005
164, 132.052
165, 131.994
166, 131.872
167, 132.159
168, 132.139
169, 132.205
170, 132.083
171, 131.931
172, 131.706
173, 131.853
174, 132.207
175, 132.218
176, 132.094
177, 132.274
178, 132.27
179, 132.378
180, 132.474
181, 132.334
182, 132.341
183, 132.145
184, 132.397
185, 132.36
186, 132.181
187, 132.562
188, 132.188
189, 132.449
190, 132.363
191, 132.314
192, 132.127
193, 132.054
194, 132.665
195, 132.614
196, 132.793
197, 132.431
198, 132.587
199, 132.645
200, 132.393
201, 132.65
202, 132.829
203, 132.63
204, 132.896
205, 132.46
206, 132.937
207, 132.66
208, 132.921
209, 132.676
210, 132.684
211, 132.539
212, 132.686
213, 132.911
214, 132.887
215, 132.866
216, 132.956
217, 133.03
218, 132.787
219, 132.871
220, 132.944
221, 132.743
222, 132.985
223, 133.176
224, 133.203
225, 133.14
226, 133.052
227, 133.142
228, 133.423
229, 133.234
230, 132.996
231, 133.169
232, 132.954
233, 133.43
234, 133.189
235, 133.369
236, 133.501
237, 133.27
238, 133.553
239, 133.346
240, 133.399
241, 133.482
242, 133.392
243, 133.619
244, 133.615
245, 133.794
246, 133.593
247, 133.759
248, 133.602
249, 133.426
250, 133.323
251, 133.644
252, 133.584
253, 133.674
254, 133.837
255, 133.406
256, 133.621
257, 133.582
258, 133.29
259, 133.533
260, 133.821
261, 134.062
262, 133.841
263, 133.501
264, 133.784
265, 133.977
266, 133.783
267, 133.763
268, 133.598
269, 134.083
270, 134.11
271, 133.915
272, 134.093
273, 133.98
274, 133.934
275, 133.895
276, 133.694
277, 133.922
278, 134.264
279, 134.172
280, 134.077
281, 134.296
282, 134.003
283, 133.841
284, 134.226
285, 134.35
286, 134.149
287, 134.346
288, 134.018
289, 134.114
290, 134.064
291, 133.967
292, 134.147
293, 134.374
294, 134.242
295, 134.394
296, 134.412
297, 134.274
298, 134.322
299, 134.478
300, 134.491
301, 134.374
302, 134.447
303, 134.618
304, 134.247
305, 134.692
306, 134.176
307, 134.394
308, 134.26
309, 134.648
310, 134.302
311, 134.469
312, 134.66
313, 134.636
314, 134.572
315, 134.703
316, 134.598
317, 134.503
318, 134.733
319, 134.331
320, 134.626
321, 134.933
322, 134.554
323, 134.47
324, 134.879
325, 134.603
326, 135.045
327, 134.731
328, 134.793
329, 134.9
330, 134.979
331, 134.852
332, 134.9
333, 135.124
334, 134.647
335, 134.875
336, 135.312
337, 135.061
338, 134.9
339, 134.974
340, 135.006
341, 135.004
342, 134.896
343, 135.006
344, 135.156
345, 134.905
346, 135.198
347, 135.309
348, 135.208
349, 135.274
350, 134.91
351, 135.032
352, 135.149
353, 135.136
354, 135.27
355, 134.96
356, 135.121
357, 135.276
358, 135.42
359, 135.476
360, 135.341
361, 135.2
362, 135.482
363, 134.95
364, 135.555
365, 135.541
366, 135.558
367, 135.438
368, 135.393
369, 135.686
370, 135.561
371, 135.606
372, 135.499
373, 135.532
374, 135.7
375, 135.718
376, 135.512
377, 135.693
378, 135.476
379, 135.653
380, 135.726
381, 135.324
382, 135.524
383, 135.355
384, 135.557
385, 136.074
386, 135.446
387, 135.649
388, 135.981
389, 135.686
390, 135.988
391, 135.957
392, 135.744
393, 135.807
394, 136.032
395, 136.087
396, 136.267
397, 136.166
398, 136.097
399, 135.819
400, 136.141
401, 136.228
402, 136.245
403, 136.156
404, 136.195
405, 136
406, 135.848
407, 136.249
408, 135.646
409, 136.042
410, 135.794
411, 135.991
412, 135.901
413, 136.016
414, 136.217
415, 136.261
416, 136.376
417, 135.925
418, 136.359
419, 136.367
420, 136.471
421, 135.799
422, 136.505
423, 136.353
424, 136.747
425, 136.526
426, 136.619
427, 136.371
428, 136.765
429, 136.315
430, 136.389
431, 136.503
432, 136.53
433, 136.263
434, 136.411
435, 136.412
436, 136.823
437, 136.397
438, 136.544
439, 136.113
440, 136.649
441, 136.599
442, 136.617
443, 136.451
444, 136.334
445, 136.401
446, 136.614
447, 136.318
448, 136.333
449, 136.134
450, 136.667
451, 137.023
452, 136.534
453, 136.519
454, 137.117
455, 136.615
456, 136.543
457, 136.767
458, 136.354
459, 136.837
460, 137.265
461, 136.719
462, 136.364
463, 136.663
464, 136.628
465, 136.872
466, 137.08
467, 137.075
468, 137.164
469, 137.333
470, 136.429
471, 137.234
472, 137.03
473, 137.554
474, 137.388
475, 137.212
476, 137.016
477, 136.947
478, 136.938
479, 137.106
480, 137.307
481, 137.232
482, 137.393
483, 136.913
484, 137.382
485, 136.887
486, 137.332
487, 137.134
488, 137.43
489, 137.376
490, 137.113
491, 136.971
492, 137.323
493, 137.117
494, 137.095
495, 137.233
496, 137.354
497, 136.855
498, 137.469
499, 137.258
500, 137.618
501, 137.484
502, 136.939
503, 137.498
504, 137.436
505, 137.367
506, 137.439
507, 137.831
508, 137.706
509, 137.614
510, 137.378
511, 137.207
512, 137.8
513, 137.315
514, 137.324
515, 137.555
516, 137.765
517, 137.656
518, 137.649
519, 137.663
520, 137.11
521, 137.552
522, 137.341
523, 137.397
524, 137.792
525, 137.957
526, 137.835
527, 137.754
528, 138.129
529, 138.108
530, 138.083
531, 137.544
532, 138.019
533, 138.098
534, 137.693
535, 138.213
536, 138.219
537, 138.223
538, 137.834
539, 138.257
540, 137.723
541, 138.139
542, 137.784
543, 138.52
544, 138.399
545, 138.566
546, 138.044
547, 138.449
548, 138.361
549, 137.935
550, 138.173
551, 138.449
552, 138.552
553, 138.481
554, 138.496
555, 138.601
556, 138.036
557, 138.239
558, 138.137
559, 138.308
560, 138.176
561, 138.131
562, 138.23
563, 138.536
564, 138.06
565, 138.402
566, 138.528
567, 138.51
568, 138.229
569, 138.363
570, 138.753
571, 138.45
572, 138.69
573, 138.85
574, 138.592
575, 138.874
576, 138.841
577, 138.559
578, 138.725
579, 138.68
580, 138.892
581, 138.66
582, 138.26
583, 138.526
584, 138.814
585, 138.407
586, 138.394
587, 138.917
588, 138.912
589, 138.931
590, 138.928
591, 138.732
592, 138.527
593, 138.379
594, 138.877
595, 138.551
596, 138.621
597, 138.961
598, 138.651
599, 138.87
600, 138.431
601, 138.62
602, 138.632
603, 138.752
604, 139.235
605, 139.191
606, 138.938
607, 138.609
608, 138.692
609, 139.096
610, 139.356
611, 139.344
612, 139.091
613, 139.301
614, 138.558
615, 138.947
616, 139.157
617, 139.254
618, 138.875
619, 139.624
620, 139.569
621, 138.737
622, 138.924
623, 139.073
624, 139.186
625, 139.011
626, 139.755
627, 139.363
628, 139.773
629, 139.075
630, 139.548
631, 139.759
632, 139.154
633, 139.438
634, 139.165
635, 139.882
636, 139.502
637, 139.859
638, 139.77
639, 139.649
640, 139.912
641, 139.349
642, 139.655
643, 139.656
644, 139.896
645, 139.536
646, 139.578
647, 139.767
648, 139.831
649, 139.692
650, 140.054
651, 140.267
652, 140.08
653, 139.991
654, 140.262
655, 139.912
656, 140.159
657, 140.158
658, 140.289
659, 140.109
660, 140.196
661, 139.903
662, 139.784
663, 140.033
664, 139.908
665, 139.896
666, 139.906
667, 139.988
668, 139.981
669, 140.161
670, 140.198
671, 140.065
672, 139.92
673, 139.96
674, 140.081
675, 140.452
676, 140.567
677, 140.559
678, 139.931
679, 140.313
680, 140.245
681, 140.142
682, 140.209
683, 140.508
684, 140.263
685, 140.861
686, 140.489
687, 140.146
688, 140.459
689, 140.476
690, 140.696
691, 140.422
692, 140.423
693, 140.717
694, 140.144
695, 140.388
696, 140.319
697, 140.351
698, 140.112
699, 140.447
700, 140.497
701, 140.57
702, 140.368
703, 140.411
704, 140.371
705, 140.502
706, 141.139
707, 140.648
708, 140.935
709, 141.131
710, 140.78
711, 140.74
712, 140.888
713, 140.295
714, 141.021
715, 141.144
716, 140.977
717, 141.053
718, 140.906
719, 141.157
720, 140.885
721, 140.869
722, 140.59
723, 140.893
724, 141.548
725, 140.511
726, 141.077
727, 141.28
728, 140.938
729, 140.774
730, 140.779
731, 140.482
732, 140.969
733, 141.364
734, 141.104
735, 141.372
736, 140.806
737, 140.935
738, 141.3
739, 141.312
740, 140.716
741, 140.918
742, 140.944
743, 140.921
744, 141.198
745, 141.509
746, 141.124
747, 141.45
748, 141.441
749, 141.078
750, 141.249
751, 140.799
752, 140.903
753, 141.018
754, 141.262
755, 141.053
756, 141.358
757, 141.291
758, 141.209
759, 141.602
760, 140.938
761, 141.816
762, 140.904
763, 141.037
764, 141.758
765, 141.834
766, 141.873
767, 141.93
768, 141.839
769, 141.404
770, 141.644
771, 142.187
772, 142.053
773, 141.884
774, 141.497
775, 141.485
776, 141.306
777, 141.431
778, 141.57
779, 141.981
780, 141.744
781, 141.871
782, 141.861
783, 141.99
784, 141.952
785, 141.511
786, 141.936
787, 142.479
788, 141.79
789, 141.944
790, 142.007
791, 142.461
792, 142.01
793, 141.864
794, 141.335
795, 142.085
796, 141.847
797, 141.914
798, 142.232
799, 141.956
800, 142.319
801, 142.031
802, 141.876
803, 142.387
804, 141.847
805, 141.491
806, 142.256
807, 142.483
808, 141.799
809, 142.101
810, 141.915
811, 142.224
812, 141.705
813, 141.832
814, 141.751
815, 142.081
816, 142.612
817, 142.01
818, 142.292
819, 141.872
820, 142.352
821, 142.512
822, 142.025
823, 141.913
824, 142.58
825, 142.232
826, 142.415
827, 141.788
828, 141.804
829, 142.703
830, 142.685
831, 142.449
832, 142.38
833, 142.088
834, 142.218
835, 143.05
836, 143.044
837, 141.996
838, 142.652
839, 142.394
840, 142.442
841, 142.664
842, 142.346
843, 142.98
844, 143.025
845, 143.141
846, 143.067
847, 142.39
848, 142.436
849, 142.075
850, 142.739
851, 142.53
852, 141.881
853, 142.267
854, 142.711
855, 142.729
856, 143.201
857, 142.708
858, 142.649
859, 142.416
860, 142.968
861, 143.115
862, 143.117
863, 142.591
864, 143.262
865, 143.652
866, 142.241
867, 142.653
868, 142.633
869, 142.606
870, 142.542
871, 142.776
872, 142.98
873, 142.957
874, 143.221
875, 143.388
876, 142.597
877, 142.806
878, 142.83
879, 142.712
880, 143.34
881, 143.498
882, 143.203
883, 143.202
884, 143.126
885, 143.068
886, 142.816
887, 143.613
888, 143.038
889, 142.927
890, 143.26
891, 142.739
892, 143.232
893, 143.764
894, 143.821
895, 143.378
896, 143.253
897, 143.202
898, 143.221
899, 143.216
900, 143.796
901, 143.699
902, 144.062
903, 143.769
904, 143.164
905, 143.759
906, 143.576
907, 143.709
908, 143.326
909, 143.697
910, 143.559
911, 143.197
912, 143.537
913, 143.763
914, 143.558
915, 142.864
916, 143.179
917, 143.561
918, 143.841
919, 143.703
920, 143.656
921, 143.244
922, 144.01
923, 143.792
924, 143.813
925, 144.336
926, 144.137
927, 144.219
928, 144.189
929, 144.209
930, 143.399
931, 143.71
932, 144.529
933, 144.317
934, 144.257
935, 144.418
936, 144.164
937, 144.368
938, 144.273
939, 144.468
940, 143.579
941, 144.205
942, 144.301
943, 143.896
944, 143.531
945, 143.913
946, 144.41
947, 144.536
948, 143.725
949, 144.656
950, 144.365
951, 144.396
952, 144.346
953, 144.37
954, 144.37
955, 144.3
956, 144.46
957, 143.77
958, 143.793
959, 144.303
960, 144.78
961, 144.67
962, 144.746
963, 144.274
964, 144.146
965, 144.159
966, 144.972
967, 145.074
968, 144.407
969, 144.654
970, 144.412
971, 144.588
972, 144.572
973, 144.913
974, 144.881
975, 144.853
976, 144.227
977, 144.483
978, 144.767
979, 144.983
980, 145.438
981, 144.61
982, 145.078
983, 144.709
984, 145.045
985, 145.028
986, 145.344
987, 144.763
988, 144.527
989, 144.655
990, 144.404
991, 144.993
992, 145.196
993, 145.061
994, 144.617
995, 144.953
996, 144.86
997, 144.58
998, 145.182
999, 145.246
1000, 144.864
1001, 145.102
1002, 144.844
1003, 144.89
1004, 144.795
1005, 145.262
1006, 144.969
1007, 145.274
1008, 144.673
1009, 145.059
1010, 145.38
1011, 144.804
1012, 145.822
1013, 145.217
1014, 145.035
1015, 144.973
1016, 145.666
1017, 145.688
1018, 145.355
1019, 145.525
1020, 145.36
1021, 145.181
1022, 145.575
1023, 145.496
1024, 145.726
1025, 145.33
1026, 145.097
1027, 145.723
1028, 145.377
1029, 144.808
1030, 145.689
1031, 145.162
1032, 145.407
1033, 144.985
1034, 145.156
1035, 145.269
1036, 146.262
1037, 145.447
1038, 145.238
1039, 146.518
1040, 145.54
1041, 144.954
1042, 145.551
1043, 145.256
1044, 145.436
1045, 145.92
1046, 146.302
1047, 146.349
1048, 145.916
1049, 145.286
1050, 146.061
1051, 145.458
1052, 145.783
1053, 145.97
1054, 146.217
1055, 145.897
1056, 146.28
1057, 146.181
1058, 146.054
1059, 145.791
1060, 146.013
1061, 145.227
1062, 145.548
1063, 145.867
1064, 145.717
1065, 146.501
1066, 145.53
1067, 145.561
1068, 145.969
1069, 145.514
1070, 145.663
1071, 146.416
1072, 146.378
1073, 146.674
1074, 146.294
1075, 146.478
1076, 146.117
1077, 145.162
1078, 145.733
1079, 146.182
1080, 146.563
1081, 146.576
1082, 146.793
1083, 146.678
1084, 146.377
1085, 146.287
1086, 146.353
1087, 146.774
1088, 146.61
1089, 146.24
1090, 147.062
1091, 146.645
1092, 146.634
1093, 146.732
1094, 147.066
1095, 146.59
1096, 146.826
1097, 146.643
1098, 146.237
1099, 146.722
1100, 146.755
1101, 146.12
1102, 146.301
1103, 146.929
1104, 146.612
1105, 146.865
1106, 146.932
1107, 146.95
1108, 146.472
1109, 146.515
1110, 146.374
1111, 146.291
1112, 146.308
1113, 146.043
1114, 146.589
1115, 147.238
1116, 146.305
1117, 147.106
1118, 146.475
1119, 145.997
1120, 147.279
1121, 146.922
1122, 147.188
1123, 147.383
1124, 147.232
1125, 146.521
1126, 146.354
1127, 146.85
1128, 146.977
1129, 147.265
1130, 146.985
1131, 147.133
1132, 146.015
1133, 147.108
1134, 146.921
1135, 146.377
1136, 147.097
1137, 147.643
1138, 147.794
1139, 146.646
1140, 147.279
1141, 146.951
1142, 147.33
1143, 146.993
1144, 147.2
1145, 147.333
1146, 147.183
1147, 147.153
1148, 147.06
1149, 147.651
1150, 147.414
1151, 147.175
1152, 147.466
1153, 147.667
1154, 147.957
1155, 147.227
1156, 147.578
1157, 147.092
1158, 147.364
1159, 147.456
1160, 147.276
1161, 147.51
1162, 147.035
1163, 147.517
1164, 148
1165, 146.974
1166, 147.035
1167, 148.103
1168, 146.6
1169, 148.02
1170, 147.733
1171, 147.753
1172, 147.758
1173, 147.63
1174, 147.367
1175, 147.051
1176, 148.06
1177, 147.104
1178, 147.153
1179, 147.104
1180, 147.629
1181, 147.997
1182, 147.199
1183, 147.818
1184, 147.426
1185, 147.287
1186, 147.516
1187, 147.656
1188, 148.457
1189, 147.316
1190, 147.815
1191, 147.602
1192, 147.122
1193, 147.819
1194, 147.114
1195, 147.994
1196, 147.869
1197, 148.373
1198, 148.553
1199, 148.413
1200, 148
1201, 148.317
1202, 148.384
1203, 148.063
1204, 148.129
1205, 148.046
1206, 147.68
1207, 148.315
1208, 148.162
1209, 147.87
1210, 148.06
1211, 148.108
1212, 148.301
1213, 147.777
1214, 148.161
1215, 148.589
1216, 148.078
1217, 148.42
1218, 148.231
1219, 147.998
1220, 148.083
1221, 147.946
1222, 148.643
1223, 147.94
1224, 148.299
1225, 148.297
1226, 148.042
1227, 148.166
1228, 148.507
1229, 148.504
1230, 147.791
1231, 147.47
1232, 148.401
1233, 148.846
1234, 147.82
1235, 147.988
1236, 148.405
1237, 148.677
1238, 148.632
1239, 148.64
1240, 148.284
1241, 148.606
1242, 148.076
1243, 147.931
1244, 148.204
1245, 148.308
1246, 148.62
1247, 148.082
1248, 148.783
1249, 148.4
1250, 148.47
1251, 148.516
1252, 148.623
1253, 149.058
1254, 148.032
1255, 148.83
1256, 149.116
1257, 149.322
1258, 147.886
1259, 148.385
1260, 148.078
1261, 149.008
1262, 148.469
1263, 148.73
1264, 148.661
1265, 147.951
1266, 148.641
1267, 148.749
1268, 148.635
1269, 148.989
1270, 149.095
1271, 149.1
1272, 148.814
1273, 148.8
1274, 149.298
1275, 148.588
1276, 149.314
1277, 149.094
1278, 148.642
1279, 148.25
1280, 148.344
1281, 149.172
1282, 147.9
1283, 148.257
1284, 149.235
1285, 149.094
1286, 148.92
1287, 148.758
1288, 148.495
1289, 149.218
1290, 148.808
1291, 149.376
1292, 148.982
1293, 149.338
1294, 149.001
1295, 148.452
1296, 149.582
1297, 149.631
1298, 149.812
1299, 149.665
1300, 149.684
1301, 149.961
1302, 148.42
1303, 148.895
1304, 149.382
1305, 149.771
1306, 148.176
1307, 148.854
1308, 149.094
1309, 149.515
1310, 149.416
1311, 149.146
1312, 149.521
1313, 149.474
1314, 149.743
1315, 149.184
1316, 150.334
1317, 148.953
1318, 148.758
1319, 148.648
1320, 148.868
1321, 149.288
1322, 149.432
1323, 149.765
1324, 149.076
1325, 148.78
1326, 149.887
1327, 149.918
1328, 149.519
1329, 150.176
1330, 149.316
1331, 149.052
1332, 149.382
1333, 149.868
1334, 149.599
1335, 149.491
1336, 149.287
1337, 150.252
1338, 149.811
1339, 150.056
1340, 149.519
1341, 150.023
1342, 149.578
1343, 149.267
1344, 150.095
1345, 149.636
1346, 149.273
1347, 150.301
1348, 150.083
1349, 150.072
1350, 149.761
1351, 149.664
1352, 149.852
1353, 150.53
1354, 150.395
1355, 150.105
1356, 149.329
1357, 150.047
1358, 149.741
1359, 150.458
1360, 150.489
1361, 150.062
1362, 150.074
1363, 149.85
1364, 149.87
1365, 149.921
1366, 149.668
1367, 149.895
1368, 149.759
1369, 150.7
1370, 150.554
1371, 150.126
1372, 150.639
1373, 150.35
1374, 150.728
1375, 150.578
1376, 150.357
1377, 150.37
1378, 149.692
1379, 150.778
1380, 151.762
1381, 150.931
1382, 151.235
1383, 150.941
1384, 150.243
1385, 149.804
1386, 150.095
1387, 149.618
1388, 150.329
1389, 150.53
1390, 150.543
1391, 150.375
1392, 150.577
1393, 151.11
1394, 150.72
1395, 151.087
1396, 150.692
1397, 151.061
1398, 150.172
1399, 151.44
1400, 151.453
1401, 151.254
1402, 150.836
1403, 150.024
1404, 150.652
1405, 151.336
1406, 149.932
1407, 149.959
1408, 151.225
1409, 150.889
1410, 151.094
1411, 150.952
1412, 150.214
1413, 151.223
1414, 150.779
1415, 150.535
1416, 150.591
1417, 150.411
1418, 151.184
1419, 151.197
1420, 150.643
1421, 151.359
1422, 150.608
1423, 151.058
1424, 150.584
1425, 151.333
1426, 151.017
1427, 150.728
1428, 151.379
1429, 151.286
1430, 151.071
1431, 151.009
1432, 151.76
1433, 151.146
1434, 151.239
1435, 151.132
1436, 151.718
1437, 150.483
1438, 150.619
1439, 150.878
1440, 151.416
1441, 150.714
1442, 151.142
1443, 150.993
1444, 150.881
1445, 151.884
1446, 151.639
1447, 150.984
1448, 151.559
1449, 151.883
1450, 151.737
1451, 151.52
1452, 151.703
1453, 151.421
1454, 150.865
1455, 151.469
1456, 151.238
1457, 151.236
1458, 152.049
1459, 151.342
1460, 150.955
1461, 150.856
1462, 151.026
1463, 150.406
1464, 150.85
1465, 151.647
1466, 152.333
1467, 151.487
1468, 151.621
1469, 151.35
1470, 151.061
1471, 151.374
1472, 152.214
1473, 152.13
1474, 151.658
1475, 151.841
1476, 151.516
1477, 151.159
1478, 151.739
1479, 151.822
1480, 151.697
1481, 152.161
1482, 150.756
1483, 151.103
1484, 150.787
1485, 151.706
1486, 150.646
1487, 150.618
1488, 151.126
1489, 152.363
1490, 152.083
1491, 151.353
1492, 151.906
1493, 152.386
1494, 151.496
1495, 152.281
1496, 151.525
1497, 151.609
1498, 151.52
1499, 152.072
1500, 152.64
1501, 152.084
1502, 152.191
1503, 152.371
1504, 152.287
1505, 151.384
1506, 151.822
1507, 152.217
1508, 152.38
1509, 152.814
1510, 152.675
1511, 152.641
1512, 152.55
1513, 152.474
1514, 151.985
1515, 152.165
1516, 151.582
1517, 151.807
1518, 152.369
1519, 152.146
1520, 152.741
1521, 152.637
1522, 152.858
1523, 152.63
1524, 152.721
1525, 152.899
1526, 151.838
1527, 151.841
1528, 152.206
1529, 151.89
1530, 152.551
1531, 152.641
1532, 152.322
1533, 152.543
1534, 152.873
1535, 151.603
1536, 151.94
1537, 152.874
1538, 151.758
1539, 152.179
1540, 151.528
1541, 151.788
1542, 152.829
1543, 152.774
1544, 152.718
1545, 152.815
1546, 153.623
1547, 152.545
1548, 153.376
1549, 153.757
1550, 152.527
1551, 153.171
1552, 152.059
1553, 152.082
1554, 152.417
1555, 152.777
1556, 152.617
1557, 152.228
1558, 152.703
1559, 153.088
1560, 152.962
1561, 152.378
1562, 152.863
1563, 153.025
1564, 152.666
1565, 153.418
1566, 153.725
1567, 153.085
1568, 153.516
1569, 153.661
1570, 152.323
1571, 153.088
1572, 153.515
1573, 152.831
1574, 153.705
1575, 153.283
1576, 153.757
1577, 153.618
1578, 153.226
1579, 152.197
1580, 152.506
1581, 152.787
1582, 152.663
1583, 153.136
1584, 154.108
1585, 153.834
1586, 153.333
1587, 153.045
1588, 153.859
1589, 153.878
1590, 153.859
1591, 153.298
1592, 153.253
1593, 153.322
1594, 154.208
1595, 154.1
1596, 152.467
1597, 153.282
1598, 153.815
1599, 154.188
1600, 154.382
1601, 153.921
1602, 154.146
1603, 153.896
1604, 153.127
1605, 153.046
1606, 153.231
1607, 153.487
1608, 153.156
1609, 153.375
1610, 153.45
1611, 154.524
1612, 153.737
1613, 153.53
1614, 153.003
1615, 153.495
1616, 153.932
1617, 153.628
1618, 153.413
1619, 153.586
1620, 154.18
1621, 154.132
1622, 152.97
1623, 153.167
1624, 153.424
1625, 153.337
1626, 153.509
1627, 153.687
1628, 154.33
1629, 153.852
1630, 154.116
1631, 154.018
1632, 154.551
1633, 154.554
1634, 153.608
1635, 154.406
1636, 153.781
1637, 154.47
1638, 153.908
1639, 153.542
1640, 154.154
1641, 152.983
1642, 153.423
1643, 154.192
1644, 154.072
1645, 154.514
1646, 154.729
1647, 153.779
1648, 154.452
1649, 154.935
1650, 154.358
1651, 155.01
1652, 155.309
1653, 154.7
1654, 154.606
1655, 153.714
1656, 155.047
1657, 155.064
1658, 154.475
1659, 154.017
1660, 154.57
1661, 154.203
1662, 154.365
1663, 154.077
1664, 153.911
1665, 154.707
1666, 153.97
1667, 154.434
1668, 154.104
1669, 154.307
1670, 154.344
1671, 155.458
1672, 154.68
1673, 155.507
1674, 154.522
1675, 154.548
1676, 154.05
1677, 154.251
1678, 154.516
1679, 154.457
1680, 153.855
1681, 154.34
1682, 153.577
1683, 154.034
1684, 154.557
1685, 153.863
1686, 155.019
1687, 154.09
1688, 154.199
1689, 154.204
1690, 154.404
1691, 155.074
1692, 155.687
1693, 155.389
1694, 154.804
1695, 154.705
1696, 154.906
1697, 155.427
1698, 154.86
1699, 155.434
1700, 155.443
1701, 155.003
1702, 154.22
1703, 154.636
1704, 155.914
1705, 155.692
1706, 155.865
1707, 155.478
1708, 154.898
1709, 155.377
1710, 155.375
1711, 155.201
1712, 154.733
1713, 155.548
1714, 155.066
1715, 155.895
1716, 155.338
1717, 155.594
1718, 154.89
1719, 155.857
1720, 156.395
1721, 155.201
1722, 155.551
1723, 154.434
1724, 155.501
1725, 156.003
1726, 156.148
1727, 155.783
1728, 156.187
1729, 154.747
1730, 154.961
1731, 154.769
1732, 156.051
1733, 155.78
1734, 155.775
1735, 155.177
1736, 155.11
1737, 156.223
1738, 155.458
1739, 154.888
1740, 155.963
1741, 155.776
1742, 155.587
1743, 155.168
1744, 154.961
1745, 154.939
1746, 155.085
1747, 155.898
1748, 155.367
1749, 156.187
1750, 155.074
1751, 156.534
1752, 156.48
1753, 155.672
1754, 156.602
1755, 155.666
1756, 155.9
1757, 156.218
1758, 156.207
1759, 155.233
1760, 156.448
1761, 155.931
1762, 156.914
1763, 157.012
1764, 156.109
1765, 155.027
1766, 156.293
1767, 155.918
1768, 155.499
1769, 155.908
1770, 155.093
1771, 155.006
1772, 155.191
1773, 155.771
1774, 156.87
1775, 155.812
1776, 155.235
1777, 155.299
1778, 155.239
1779, 156.272
1780, 156.183
1781, 156.557
1782, 155.909
1783, 155.728
1784, 157.06
1785, 156.621
1786, 156.286
1787, 154.812
1788, 155.111
1789, 156.022
1790, 157.494
1791, 155.954
1792, 155.932
1793, 156.733
1794, 156.516
1795, 156.526
1796, 156.004
1797, 156.401
1798, 156.425
1799, 156.53
1800, 156.721
1801, 156.098
1802, 157.512
1803, 157.12
1804, 156.789
1805, 155.482
1806, 155.65
1807, 155.992
1808, 156.897
1809, 156.457
1810, 156.597
1811, 156.287
1812, 157.252
1813, 156.62
1814, 156.051
1815, 156.198
1816, 157.319
1817, 157.426
1818, 156.125
1819, 157.045
1820, 156.751
1821, 157.479
1822, 156.808
1823, 157.626
1824, 156.945
1825, 156.79
1826, 156.661
1827, 155.944
1828, 156.039
1829, 157.493
1830, 156.983
1831, 157.609
1832, 156.784
1833, 155.872
1834, 158.158
1835, 156.934
1836, 156.113
1837, 157.03
1838, 156.929
1839, 157.749
1840, 156.787
1841, 155.675
1842, 156.881
1843, 156.372
1844, 157.223
1845, 156.188
1846, 156.51
1847, 157.122
1848, 155.637
1849, 156.483
1850, 156.917
1851, 156.558
1852, 157.464
1853, 157.59
1854, 157.795
1855, 157.222
1856, 158.038
1857, 157.048
1858, 156.686
1859, 156.846
1860, 157.967
1861, 156.281
1862, 156.614
1863, 156.562
1864, 157.477
1865, 156.984
1866, 157.501
1867, 157.237
1868, 157.697
1869, 156.842
1870, 156.906
1871, 157.075
1872, 157.745
1873, 157.776
1874, 157.051
1875, 157.329
1876, 157.97
1877, 157.917
1878, 157.755
1879, 157.356
1880, 158.137
1881, 156.958
1882, 156.54
1883, 156.459
1884, 157.843
1885, 158.348
1886, 157.779
1887, 157.737
1888, 157.612
1889, 156.717
1890, 157.714
1891, 156.657
1892, 157.262
1893, 156.675
1894, 156.718
1895, 156.795
1896, 157.671
1897, 158.445
1898, 157.989
1899, 158.055
1900, 157.567
1901, 157.497
1902, 157.783
1903, 156.983
1904, 156.736
1905, 157.649
1906, 157.624
1907, 157.963
1908, 158.824
1909, 158.496
1910, 158.637
1911, 157.463
1912, 158.14
1913, 157.679
1914, 157.488
1915, 157.572
1916, 158.031
1917, 157.533
1918, 157.294
1919, 157.964
1920, 157.854
1921, 157.596
1922, 157.419
1923, 157.68
1924, 159.001
1925, 157.354
1926, 158.661
1927, 158.318
1928, 158.658
1929, 157.325
1930, 158.672
1931, 157.781
1932, 157.085
1933, 158.378
1934, 157.902
1935, 158.456
1936, 158.064
1937, 159.431
1938, 158.707
1939, 158.137
1940, 158.582
1941, 158.481
1942, 157.955
1943, 158.22
1944, 158.521
1945, 157.929
1946, 158.731
1947, 158.935
1948, 159.026
1949, 158.252
1950, 158.695
1951, 158.594
1952, 159.117
1953, 158.023
1954, 158.027
1955, 157.768
1956, 158.168
1957, 157.111
1958, 158.366
1959, 159.033
1960, 158.248
1961, 157.751
1962, 157.549
1963, 158.252
1964, 157.888
1965, 158.989
1966, 159.432
1967, 158.811
1968, 159.131
1969, 158.731
1970, 158.532
1971, 158.552
1972, 158.207
1973, 158.048
1974, 157.869
1975, 157.939
1976, 158.715
1977, 158.499
1978, 159.609
1979, 159.194
1980, 158.862
1981, 159.189
1982, 158.977
1983, 159.118
1984, 158.62
1985, 159.061
1986, 158.893
1987, 159.203
1988, 158.992
1989, 159.046
1990, 159.134
1991, 159.322
1992, 158.87
1993, 159.642
1994, 158.701
1995, 158.708
1996, 158.224
1997, 158.759
1998, 158.829
1999, 159.859
2000, 159.013
2001, 159.3
2002, 159.565
2003, 159.003
2004, 158.175
2005, 157.996
2006, 159.294
2007, 158.827
2008, 159.143
2009, 158.665
2010, 159.708
2011, 159.377
2012, 159.663
2013, 159.481
2014, 159.047
2015, 158.796
2016, 157.991
2017, 158.986
2018, 160.267
2019, 159.934
2020, 159.545
2021, 159.963
2022, 159.918
2023, 158.951
2024, 159.302
2025, 159.217
2026, 160.565
2027, 158.769
2028, 160.431
2029, 159.369
2030, 160.3
2031, 158.751
2032, 159.168
2033, 159.355
2034, 159.164
2035, 160.489
2036, 160.82
2037, 159.591
2038, 159.376
2039, 159.58
2040, 159.63
2041, 159.049
2042, 160.491
2043, 158.617
2044, 159.698
2045, 160.348
2046, 159.13
2047, 159.624
2048, 158.763
2049, 159.91
2050, 160.015
2051, 159.305
2052, 160.499
2053, 160.818
2054, 159.667
2055, 159.621
2056, 160.641
2057, 159.374
2058, 160.545
2059, 160.578
2060, 159.839
2061, 160.039
2062, 160.485
2063, 160.57
2064, 160.054
2065, 160.031
2066, 160.326
2067, 160.411
2068, 160.148
2069, 160.515
2070, 159.569
2071, 160.315
2072, 160.453
2073, 160.726
2074, 160.849
2075, 160.214
2076, 159.494
2077, 160.509
2078, 161.005
2079, 160.638
2080, 160.019
2081, 160.31
2082, 160.906
2083, 160.938
2084, 160.236
2085, 159.874
2086, 160.201
2087, 159.939
2088, 159.452
2089, 160.549
2090, 161.252
2091, 160.973
2092, 160.225
2093, 160.226
2094, 160.151
2095, 159.498
2096, 160.132
2097, 160.282
2098, 160.294
2099, 160.52
2100, 160.499
2101, 160.895
2102, 160.441
2103, 160.591
2104, 160.512
2105, 161.082
2106, 161.192
2107, 161.701
2108, 160.561
2109, 160.382
2110, 159.719
2111, 160.825
2112, 159.811
2113, 161.267
2114, 160.168
2115, 161.631
2116, 160.708
2117, 160.472
2118, 160.899
2119, 161.328
2120, 161.268
2121, 160.845
2122, 160.675
2123, 159.513
2124, 161.295
2125, 160.7
2126, 160.96
2127, 159.878
2128, 161.391
2129, 160.291
2130, 161.05
2131, 160.602
2132, 161.282
2133, 161.493
2134, 159.975
2135, 160.494
2136, 161.284
2137, 160.75
2138, 161.022
2139, 159.981
2140, 160.275
2141, 160.916
2142, 161.031
2143, 161.782
2144, 161.033
2145, 160.303
2146, 161.383
2147, 160.789
2148, 160.614
2149, 160.613
2150, 161.187
2151, 161.339
2152, 161.645
2153, 161.917
2154, 161.635
2155, 161.179
2156, 160.529
2157, 161.153
2158, 161.032
2159, 160.547
2160, 161.075
2161, 161.904
2162, 161.287
2163, 161.295
2164, 161.25
2165, 160.682
2166, 160.717
2167, 161.628
2168, 161.875
2169, 161.84
2170, 162.242
2171, 161.702
2172, 161.718
2173, 160.088
2174, 161.024
2175, 161.357
2176, 160.388
2177, 161.704
2178, 161.252
2179, 161.875
2180, 160.767
2181, 161.06
2182, 161.318
2183, 161.066
2184, 160.929
2185, 161.699
2186, 161.389
2187, 162.164
2188, 161.492
2189, 161.062
2190, 160.318
2191, 161.835
2192, 160.977
2193, 161.502
2194, 160.565
2195, 161.708
2196, 162.556
2197, 162.294
2198, 161.043
2199, 160.994
2200, 160.58
2201, 160.885
2202, 161.49
2203, 161.123
2204, 161.748
2205, 161.498
2206, 161.992
2207, 162.603
2208, 162.909
2209, 162.315
2210, 163.159
2211, 162.085
2212, 162.622
2213, 161.491
2214, 160.993
2215, 161.614
2216, 162.623
2217, 162.66
2218, 162.476
2219, 161.511
2220, 163.024
2221, 162.442
2222, 162.433
2223, 160.96
2224, 161.181
2225, 162.231
2226, 161.706
2227, 161.855
2228, 162.405
2229, 162.842
2230, 163.113
2231, 162.448
2232, 162.141
2233, 161.267
2234, 161.729
2235, 162.085
2236, 161.76
2237, 161.716
2238, 162.827
2239, 161.732
2240, 162.625
2241, 162.43
2242, 162.185
2243, 162.242
2244, 162.567
2245, 162.018
2246, 162.234
2247, 161.962
2248, 162.93
2249, 162.6
2250, 161.22
2251, 163.367
2252, 162.114
2253, 161.717
2254, 163.323
2255, 163.51
2256, 161.839
2257, 160.472
2258, 161.74
2259, 162.435
2260, 162.958
2261, 162.782
2262, 162.814
2263, 163.096
2264, 163.245
2265, 162.634
2266, 161.348
2267, 162.304
2268, 161.929
2269, 162.745
2270, 163.729
2271, 162.176
2272, 163.124
2273, 162.456
2274, 163.09
2275, 161.74
2276, 163.873
2277, 163.17
2278, 163.287
2279, 163.627
2280, 162.409
2281, 162.932
2282, 162.482
2283, 162.535
2284, 162.385
2285, 163.318
2286, 163.555
2287, 163.98
2288, 162.934
2289, 162.417
2290, 164.222
2291, 163.851
2292, 163.349
2293, 163.972
2294, 164.536
2295, 163.291
2296, 163.384
2297, 163.055
2298, 162.534
2299, 163.264
2300, 163.745
2301, 163.885
2302, 162.947
2303, 163.48
2304, 164.581
2305, 162.791
2306, 162.807
2307, 163.056
2308, 162.441
2309, 163.488
2310, 163.742
2311, 164.052
2312, 164.032
2313, 163.118
2314, 163.322
2315, 163.289
2316, 162.702
2317, 162.501
2318, 161.684
2319, 163.315
2320, 162.731
2321, 163.568
2322, 162.912
2323, 164.498
2324, 163.665
2325, 162.743
2326, 163.868
2327, 163.739
2328, 163.532
2329, 163.586
2330, 163.132
2331, 162.496
2332, 162.409
2333, 163.323
2334, 162.973
2335, 163.473
2336, 163.748
2337, 163.187
2338, 163.323
2339, 163.27
2340, 163.69
2341, 163.154
2342, 163.492
2343, 163.921
2344, 163.625
2345, 164.253
2346, 163.875
2347, 163.777
2348, 164.112
2349, 164.334
2350, 163.636
2351, 163.022
2352, 164.392
2353, 164.432
2354, 163.724
2355, 164.435
2356, 163.511
2357, 164.133
2358, 162.952
2359, 163.631
2360, 164.862
2361, 164.396
2362, 164.061
2363, 164.206
2364, 162.458
2365, 163.951
2366, 163.03
2367, 163.829
2368, 164.565
2369, 163.368
2370, 163.878
2371, 163.966
2372, 163.662
2373, 163.26
2374, 164.152
2375, 163.746
2376, 164.733
2377, 163.98
2378, 164.804
2379, 163.35
2380, 164.191
2381, 165.42
2382, 163.402
2383, 164.567
2384, 163.524
2385, 164.28
2386, 163.591
2387, 164.663
2388, 164.34
2389, 165.307
2390, 164.306
2391, 164.053
2392, 164.857
2393, 163.628
2394, 164.374
2395, 163.544
2396, 165.052
2397, 164.916
2398, 164.279
2399, 164.676
2400, 164.472
2401, 164.246
2402, 163.161
2403, 163.994
2404, 164.029
2405, 164.417
2406, 164.194
2407, 165.361
2408, 165.325
2409, 164.861
2410, 165.682
2411, 165.491
2412, 165.623
2413, 164.914
2414, 165.15
2415, 165.76
2416, 163.776
2417, 163.146
2418, 164.207
2419, 165.462
2420, 164.713
2421, 164.431
2422, 164.635
2423, 165.667
2424, 165.451
2425, 164.869
2426, 165.152
2427, 165.44
2428, 165.025
2429, 165.821
2430, 165.071
2431, 165.553
2432, 165.223
2433, 164.873
2434, 165.29
2435, 164.65
2436, 165.202
2437, 165.058
2438, 164.706
2439, 166.178
2440, 165.148
2441, 164.648
2442, 166.179
2443, 165.025
2444, 164.086
2445, 165.34
2446, 164.57
2447, 165.501
2448, 165.513
2449, 165.218
2450, 164.253
2451, 163.772
2452, 164.528
2453, 165.936
2454, 165.326
2455, 164.498
2456, 164.853
2457, 164.479
2458, 164.104
2459, 164.882
2460, 163.939
2461, 163.966
2462, 164.455
2463, 166.386
2464, 165.43
2465, 165.092
2466, 165.154
2467, 165.883
2468, 165.147
2469, 164.422
2470, 164.358
2471, 165.407
2472, 164.851
2473, 166.655
2474, 166.198
2475, 166.606
2476, 165.794
2477, 166.018
2478, 164.822
2479, 166.002
2480, 163.751
2481, 165.128
2482, 165.263
2483, 165.285
2484, 165.576
2485, 165.07
2486, 164.913
2487, 166.3
2488, 165.6
2489, 164.13
2490, 164.985
2491, 164.664
2492, 163.661
2493, 165.163
2494, 165.788
2495, 164.783
2496, 165.367
2497, 166.288
2498, 165.674
2499, 166.74
2500, 166.353
2501, 166.18
2502, 165.064
2503, 167.023
2504, 166.02
2505, 165.703
2506, 165.308
2507, 165.148
2508, 165.21
2509, 165.528
2510, 165.747
2511, 164.923
2512, 166.295
2513, 166.112
2514, 165.269
2515, 166.066
2516, 163.955
2517, 166.733
2518, 165.44
2519, 165.996
2520, 166.02
2521, 166.44
2522, 165.628
2523, 166.251
2524, 167.088
2525, 166.188
2526, 166.026
2527, 166.032
2528, 165.967
2529, 166.356
2530, 165.673
2531, 166.571
2532, 166.644
2533, 166.243
2534, 165.544
2535, 165.605
2536, 165.712
2537, 167.224
2538, 167.092
2539, 165.856
2540, 166.051
2541, 166.019
2542, 166.967
2543, 164.87
2544, 166.683
2545, 166.329
2546, 165.909
2547, 165.592
2548, 164.972
2549, 166.559
2550, 167.15
2551, 166.578
2552, 167.117
2553, 166.739
2554, 166.061
2555, 166.59
2556, 166.665
2557, 165.903
2558, 167.052
2559, 166.591
2560, 167.559
2561, 166.63
2562, 165.304
2563, 166.779
2564, 166.702
2565, 167.422
2566, 166.298
2567, 166.654
2568, 166.359
2569, 166.127
2570, 166.636
2571, 166.377
2572, 167.155
2573, 165.559
2574, 165.539
2575, 165.59
2576, 167.122
2577, 166.751
2578, 164.737
2579, 165.689
2580, 165.799
2581, 167.463
2582, 165.059
2583, 165.8
2584, 167.889
2585, 166.537
2586, 166.02
2587, 167.211
2588, 166.271
2589, 167.483
2590, 167.544
2591, 167.242
2592, 167.393
2593, 167.064
2594, 166.472
2595, 165.742
2596, 165.842
2597, 166.512
2598, 166.458
2599, 166.618
2600, 167.088
2601, 165.871
2602, 167.188
2603, 167.43
2604, 168.254
2605, 167.174
2606, 166.87
2607, 165.556
2608, 167.437
2609, 167.113
2610, 167.681
2611, 166.352
2612, 167.013
2613, 166.908
2614, 166.614
2615, 166.899
2616, 166.755
2617, 166.13
2618, 166.875
2619, 165.957
2620, 166.288
2621, 164.898
2622, 165.702
2623, 166.452
2624, 167.475
2625, 165.128
2626, 166.877
2627, 166.807
2628, 166.033
2629, 167.451
2630, 166.239
2631, 166.453
2632, 166.509
2633, 166.791
2634, 167.324
2635, 166.94
2636, 168.052
2637, 166.817
2638, 166.337
2639, 166.797
2640, 165.8
2641, 166.695
2642, 167.745
2643, 168.395
2644, 166.704
2645, 166.213
2646, 166.339
2647, 167.427
2648, 166.79
2649, 167.178
2650, 166.454
2651, 167.241
2652, 166.33
2653, 168.041
2654, 167.55
2655, 166.534
2656, 167.837
2657, 168.147
2658, 166.383
2659, 166.052
2660, 167.106
2661, 167.178
2662, 168.394
2663, 166.021
2664, 166.994
2665, 166.685
2666, 166.621
2667, 167.146
2668, 166.624
2669, 167.528
2670, 167.313
2671, 167.191
2672, 166.88
2673, 165.551
2674, 168.016
2675, 167.748
2676, 168.747
2677, 166.908
2678, 166.563
2679, 168.594
2680, 168.609
2681, 167.955
2682, 167.929
2683, 167.517
2684, 168.569
2685, 168.02
2686, 167.081
2687, 165.968
2688, 166.453
2689, 167.242
2690, 166.468
2691, 166.753
2692, 166.219
2693, 166.341
2694, 168.104
2695, 167.999
2696, 167.352
2697, 167.879
2698, 166.584
2699, 168.116
2700, 167.87
2701, 168.76
2702, 168.845
2703, 168.36
2704, 167.56
2705, 167.615
2706, 167.366
2707, 168.065
2708, 167.995
2709, 167.597
2710, 168.537
2711, 169.6
2712, 169.612
2713, 169.122
2714, 168.052
2715, 169.101
2716, 168.167
2717, 169.212
2718, 168.29
2719, 168.856
2720, 168.654
2721, 168.381
2722, 167.705
2723, 168.272
2724, 167.612
2725, 168.881
2726, 168.588
2727, 169.005
2728, 169.262
2729, 167.109
2730, 167.514
2731, 169.091
2732, 168.328

2731, 171.181, 58417749, 11656 10250 10122 12224 10223 12506 12423 5842 11263 9945 11189 12156 7793 5736 5671 7142 7809 5571 11139 11474 11089 9454 11949 7594 7814 6850 5845 7435 12433 9753 10636 11716 10953 10968 12700 6655 13264 10104 5938 10927 12553 7735 7615 8741 12218 7713 7625 7010 11833 6368 10660 9930 13303 6407 11720 12564 11930 9926 12230 8424 12479 11781 12592 11969 9681 9919 6319 6249 7260 8887 9011 7535 9055 9730 6198 6749 8270 11157 9653 8199 7647 6059 7972 153644 11929 12097 10594 10174 10092 10879 9198 11624 9481 13203 11926 7476 12348 5373 5353 7174 12339 7845 9864 6393 6688 5754 13245 6527 7398 8085 7760 7427 11625 9858 13125 8653 12902 6469 12174 11151 6910 6237 9630 7728 8296 10603 7796 8313 8532 6176 13154 8156 8197 13099 6714 9596 7561 6080 8323 8988 8236 7838 8965 10939 11433 11068 11197 10699 6298 7224 5423 9560 11674 6281 6279 11309 11172 5901 9546 9588 11222 11295 10180 6339 11267 9266 11393 11635 11117 11889 11153 5809 11194 10804 10167 8234 8838 10103 10102 9811 12438 12680 9053 12651 9121 7919 9568 8455 12135 11830 10542 9309 9156 12567 11101 6209 8769 9674 8876 11385 6191 5344 9263 10136 11457 12269 12257 7300 8853 8953 12926 8042 7645 5610 7009 10587 6622 11784 7033 7267 5598 7614 7566 6974 7573 7277 9016 9402 9958 7967 5342 12753 12122 9538 11880 12343 6976 7745 8226 12603 8017 9735 6391 9066 6564 5776 5245 5730 10869 10043 10030 6220 9064 13106 7294 5748 5451 5412 5760 8147 9069 9622 9276 13181 9615 9432 11381 10466 11952 8522 7805 5274 6990 8396 10469 10649 6369 9472 8707 7387 13082 12453 9943 7493 5755 11918 10430 5481 8109 11497 10803 8925 5527 11226 5908 5886 11788 10393 7369 11146 7428 12484 13025 5154 5340 5461 12326 13309 8037 5697 12918 7235 5802 7347 8949 8332 8290 11825 11811 8728 6922 10310 5150 10458 9515 10226 6260 12271 6748 8945 5871 6732 12321 5568 11939 5472 11993 9556 6295 5238 8178 6729 6894 7754 10628 13269 8063 8172 11154 11699 10909 11551 9293 12409 8182 7413 5188 12968 12496 11143 6643 12572 6602 6193 8492 12669 9043 9029 9013 10942 9017 5185 12162 12053 12263 5932 8652 11048 6418 6114 12805 6996 5615 12751 12346 7132 8497 6041 5564 12456 10236 5699 9964 13281 12279 6430 5973 11483 11629 12202 9643 12638 5230 5826 10915 6043 8937 5789 12379 7143 6390 12879 11824 6988 12204 12255 6266 6146 11535 6165 5558 12042 10347 11490 6093 7243 12870 5218 7608 10381 10860 13200 6098 8050 9566 11619 9280 5194 7206 8136 7148 7599 5214 7863 13177 7201 9094 9429 9302 7970 12353 12498 5561 7971 8061 11690 11097 8578 6681 6692 6751 5791 12246 10509 7815 6699 12886 5128 7083 11819 12021 10485 10479 6451 11480 10278 10633 8052 8963 7683 7569 7008 13104 153636 8566 10767 10157 9396 8633 9078 7681 7994 12658 8047 9310 9015 10247 11971 9935 8897 6172 9992 11184 9758 9451 11478 5967 10782 8718 8923 8380 7289 8615 11012 10356 12910 5383 12892 5464 8533 8591 11401 8444 10741 6440 10051 9059 11414 12821 12817 9937 9932 9214 8967 5742 11004 6626 10956 5799 5707 5099 7259 5793 9286 5229 7283 11804 12697 12497 5447 13019 12992 11970 8521 8934 12308 12361 6429 9548 8651 5816 10078 6519 8450 5500 5471 5433 12029 12254 6613 11029 10924 11108 10502 6680 13326 5771 5519 9712 9339 9977 11853 6823 8415 11520 8235 5766 9989 6014 10362 11217 9704 12904 11213 5682 7173 5100 8943 5350 12928 10816 9800 6631 12039 6736 8367 5416 9362 12887 8105 9223 10720 5309 11570 8679 6881 7285 7054 7983 8687 9571 12654 13108 8360 6809 8204 6744 9734 9993 11802 11813 6315 6348 6240 11445 11373 11165 9237 11927 11744 10531 10848 12232 11916 11294 5393 7077 7109 12394 10539 10758 12420 12362 8107 8439 8512 6799 13239 6641 9244 7909 7953 6673 11583 10185 5832 7830 5666 6011 7960 11531 6066 9368 6539 12925 5743 7070 6666 9647 11982 9694 7061 8350 8410 5525 6331 5966 9296 5862 13274 10129 11163 10923 11530 6516 6831 5477 12158 11903 11017 5086 6750 7893 12489 12915 5772 11891 10605 11743 13202 13190 7660 6381 12052 11305 9598 9521 10907 9917 12025 12463 13270 12237 5454 5394 7514 12487 8616 11397 9533 12539 12405 6800 12486 153664 7882 5556 7095 7832 6867 8215 7246 5352 8921 8435 8359 11417 10477 10997 5927 10106 10254 10827 9352 5750 6828 11702 12470 6824 12790 5955 12009 11771 10203 6600 5958 9581 10324 6948 6896 5409 10515 6357 8678 11469 11563 9855 12166 12305 8491 8827 8219 7949 7641 6813 7113 10905 10008 11888 6695 10507 7826 8078 12875 8284 13112 7059 6671 7698 11741 8287 10523 9425 12022 6565 6360 12000 9911 10219 9819 9708 12084 5459 11049 6689 12639 10200 8984 8870 8010 7160 7536 10519 11763 11868 13063 9470 9826 8711 8399 6701 7312 6181 6522 12372 5442 5324 6388 10423 11826 12258 9278 10830 12233 9422 12820 7450 13166 7944 8456 9682 9981 8276 9114 10161 11223 10665 9791 8685 8721 11239 10894 11610 10276 9065 8968 5212 6611 8113 5171 12131 10613 10056 5745 7851 8955 12750 6836 7117 7079 12460 6017 13178 10707 5211 7185 8258 8101 9881 6851 6108 10316 9689 12078 6137 5165 6446 10271 12359 7843 7898 8395 6929 7204 5575 11527 11241 5840 13345 12752 12778 8717 7592 13342 7631 6018 10919 11614 6706 7540 9768 10593 6345 12050 11658 6403 7956 8754 6986 8142 12382 6534 9033 13240 11881 11441 7942 6951 7780 5295 7977 8362 13286 12352 8832 10806 12195 7060 12858 7525 8168 7894 8354 6821 5297 10468 9924 13227 10280 7359 6179 12069 6119 12147 6409 6812 12393 11395 6150 6180 7254 12994 8535 12041 12311 8001 7798 5338 8297 12129 10826 9303 13168 5894 10700 6157 7672 8141 12897 7596 5354 8166 7740 8212 8301 8305 12586 5783 5141 5091 8891 5117 7610 10019 9097 11577 12452 9868 6324 6431 7122 8283 5679 7482 5422 12861 7408 6893 13196 8620 10656 5475 7673 11627 11654 10137 9969 10390 9856 8829 9024 13089 5362 8174 11947 9057 7152 5418 7028 9871 13206 7508 8277 6848 6793 10746 11758 11827 9504 12442 6764 13007 5805 6383 6653 7233 8708 9554 9441 10192 9590 5921 10126 12711 10286 6036 6982 6230 10159 10752 9531 6270 8759 5374 12943 12954 5630 8352 8644 8473 8273 13346 13324 9909 11032 11439 10867 9151 9807 12299 10881 12186 11427 6247 9179 7739 10820 10210 10296 10578 6721 5850 10644 12721 12584 5728 7545 6462 5667 5617 12826 13092 7638 5462 11715 10974 8375 8030 6139 9570 5336 8130 6913 12839 7839 5135 8753 8806 11204 6886 7146 13325 9830 11292 11065 6945 8701 6941 9752 13257 7530 8246 12913 8274 7684 12404 11572 8847 10941 13163 9539 12024 5994 7247 7038 7053 8044 13041 7399 8196 5636 5683 8797 12388 11646 11666 6973 9412 8346 6386 11141 11623 8506 7036 153656 8319 7871 7768 7636 8062 6763 7212 11954 12060 11673 5495 12176 11923 12671 12696 12529 6452 5849 6774 10526 10864 9668 7712 12898 6034 9496 9773 12962 12938 9916 11319 11760 6925 7364 6155 6544 11225 8640 11134 10264 11464 11123 9612 13337 10998 9994 12154 10454 8588 9220 11574 9067 8348 6855 10304 7533 7443 11922 8510 6518 8954 8590 6586 11994 6242 8715 11434 11966 12524 12932 5710 6705 11616 8534 6629 9320 9635 10202 10305 10095 10493 8139 6142 12149 6293 9283 5283 12640 10119 5919 12545 12715 5315 13090 12730 12637 8438 6507 8552 10408 9453 5149 8324 7062 5305 7489 8243 5555 7926 10323 11050 7758 6725 10878 13323 11806 12047 11244 5999 5635 6765 6020 9851 8218 5277 12813 5127 6303 5956 12144 7835 8821 9326 6502 12197 9759 10962 10363 6718 9968 11130 6898 5599 7151 8223 11525 10643 12065 11418 11428 7410 8490 10445 13277 12754 8576 6161 5651 6248 11514 12229 10158 9772 10455 5351 12900 8802 9431 9809 11589 9410 12668 12422 12537 7236 12717 11102 11347 11340 12735 11734 12072 8558 6921 12587 11777 10021 9614 5895 8161 12724 10054 5947 11405 9036 5385 8252 7663 9573 6395 10428 8531 12893 8908 6031 8244 10378 10361 12406 6668 11234 10719 6307 6640 11580 6660 9229 9019 9076 7437 8886 5173 7585 13024 7553 153632 9086 8860 6936 153666 7264 5579 8900 7401 153630 8419 11504 8099 8703 8814 10292 7995 7529 6755 6523 10946 10976 10821 10931 7412 5648 8029 13123 11592 6416 5137 11287 10714 10111 5097 12859 7288 5102 6942 6526 11193 5945 9577 8903 9962 11828 11466 13183 11331 11560 6876 12490 11933 6166 8840 11667 5453 9821 9471 9874 6023 13249 7821 5120 5653 8772 5124 6058 8623 9040 7367 12856 5314 11506 11370 9026 6908 5140 12677 13299 11199 6531 7282 7744 8973 5606 5166 12554 7488 8077 5443 5079 9593 10972 9770 13225 10995 6880 10930 7015 7648 10184 10084 11584 12006 153662 13087 6550 8505 8167 7182 8865 5182 8946 7869 10822 11093 10141 10050 6285 5954 11339 5483 7116 12604 7378 12679 11874 8269 8978 8427 8634 10843 10272 10270 11795 5693 5974 7762 8086 8890 5641 7931 9218 11298 11450 9997 9492 11655 6497 10058 11386 12541 12791 9750 11161 8722 6938 12193 11099 10194 12101 12579 12068 10866 10790 6946 7969 5158 10786 9031 8217 12358 5452 8056 8299 5252 7756 9072 8807 5444 8428 12786 6731 12483 11013 10625 11897 5813 9201 12376 7771 12466 8800 8732 9056 13075 8447 8337 7154 10375 11946 5430 5220 5156 7134 13295 11558 11567 11544 5334 9882 12031 12880 11293 11924 6844 6840 9149 10996 9719 6267 10110 6358 6256 12252 12857 8154 6513 10496 5553 5232 7872 8111 13068 8194 7098 6275 8918 11409 10447 7676 7400 13042 7006 13243 8179 5733 5722 10734 5696 7503 8285 9463 11020 10602 5858 12351 11468 11431 11587 5302 7394 10693 11443 9226 11047 8068 12804 12927 5695 7107 7262 13022 9628 10950 9660 8625 12071 9954 11630 11299 6970 7939 12331 12616 6919 11640 11318 9973 10764 11582 10014 8775 8551 8577 7425 5626 12645 7192 13027 8180 7701 11366 10230 11613 13194 10366 11877 12623 8190 12601 12952 5271 6062 5782 9557 10750 11076 10743 8895 11384 11479 8669 6085 8817 8093 7842 9120 9514 9537 7593 8461 6862 10472 11237 11036 12499 7444 11238 10670 8007 8448 6223 6081 6981 6761 11390 11590 12160 11062 10876 9073 10080 11038 8480 6053 10686 11407 8688 12549 5227 7191 12955 12693 11177 10277 8749 6852 5726 6171 7770 7048 12963 12854 7163 6112 6820 12247 12179 6860 8335 5836 5734 13049 10983 12138 6282 7626 8975 7130 7129 8266 7099 7473 11622 12019 5986 10115 11691 12061 9829 10318 11081 11337 11979 13116 6476 9541 9666 5104 9841 11276 8320 6901 7589 11568 6787 8905 5174 8958 6745 8607 8238 5449 13268 10369 9827 8536 6847 13000 5795 11615 9405 8322 5092 5939 12146 6554 8353 9359 12649 7607 5217 9325 10990 13066 7568 11838 7439 9610 10307 10015 11077 10784 11852 10231 7304 12611 7951 8126 11621 10217 8680 10338 5123 9186 10488 6274 7895 5714 8619 7406 9877 13275 10684 6548 5870 12244 13095 7716 13347 7418 7123 8694 9854 9766 9684 13322 9842 9582 6125 8541 7200 5143 13220 10756 11201 11351 6382 6149 7276 7571 7998 8083 10865 12903 11650 7686 8048 8799 7769 5602 13031 12320 10920 8826 9317 11950 10872 12793 6835 12036 6857 11185 6436 12170 12083 12808 7634 9476 7749 7731 13080 10255 9014 9193 8338 5313 12619 8406 6027 13124 6983 7125 10134 11912 7284 7027 8764 7356 7323 12465 12947 9621 13228 9828 11862 6272 9204 9713 8440 13037 8423 10679 9677 10345 9334 11137 10571 6650 10785 10934 6353 10403 6614 10614 13330 8608 11216 13217 10155 8597 5405 6216 7979 6579 11005 11345 11894 7440 12265 11910 10560 6463 13109 12720 11324 8950 9003 6780 10075 9883 10173 9663 11100 9780 10658 13209 10012 7478 10884 9140 9052 12670 5747 5694 9892 12384 6007 5753 8509 8820 9876 10624 6054 9242 8894 5240 5801 10138 10006 11713 10582 9161 12607 6512 12993 10156 11797 12334 12475 11576 11440 11484 10312 11471 10810 5663 8529 6560 13179 10951 7370 5907 13207 6033 7959 5359 11798 11997 11171 13054 5088 7824 6610 9732 9867 7852 5989 5984 7889 12763 8289 10654 9960 11308 7335 5208 8115 8256 12762 6716 11090 10091 10896 11790 6805 10486 6872 7865 6702 12755 13226 8091 5330 7251 10958 9634 10317 10551 7144 5292 8871 5367 7287 10607 11742 5935 9513 10333 5083 9475 6615 8434 7764 8152 8213 5804 10492 9764 7137 12803 8598 13234 10265 9786 9847 5470 10528 12337 10039 6649 11867 6566 6759 13127 5178 10712 10706 10061 11515 8704 10991 6268 5963 7366 9271 5152 6920 11424 6336 12410 6740 5512 10329 9831 13285 5258 5656 11962 5881 13086 10598 12627 9727 11220 11426 7996 13039 12609 5096 10903 11436 9941 11869 10859 8251 7088 9004 9268 12782 8957 13088 13058 13055 8996 7354 5201 9445 9416 9991 10022 5681 13014 7557 5266 5082 6045 11872 8508 8686 12091 9518 10836 10146 11003 7519 6051 8798 5639 8409 11314 11300 9247 9258 5169 8985 7595 8070 8426 12704 10701 7484 12862 13103 10657 10730 12838 5300 6690 7541 13161 153642 6953 9967 11056 9700 12494 12864 6741 12809 12543 13056 11778 11602 6585 6464 6422 6420 8550 8245 7183 11167 10576 10047 12034 5510 11493 6503 6404 11275 10948 12188 13229 8470 7606 5687 9245 7504 8928 12515 12508 6634 6389 10491 12478 5460 6803 5267 5484 12364 11789 6278 12944 13015 12580 11423 6493 10973 12400 7145 5197 10380 9816 11218 9398 11633 12278 7381 6960 6753 6837 5209 8734 8766 12165 5933 11488 5345 7448 5928 11170 9254 10800 8316 12784 6648 10413 7032 5093 11850 7094 5654 13343 7271 8822 13050 8302 6924 7774 12145 9923 8076 7654 5434 7751 6715 12038 12240 9298 6291 6021 6254 7509 8177 7912 8496 9395 6367 11364 11579 8400 8012 7115 12235 6754 8572 5511 8877 7783 13139 5785 12777 6197 8947 8654 9691 9180 6956 9525 10918 13192 5873 10183 10612 12173 6287 5115 7041 8573 6394 12729 13141 8233 11412 9530 5629 11835 10518 6481 13214 5157 8129 12363 12523 11378 13013 12923 10982 11978 5289 12958 8205 5763 12733 7133 8670 9810 6537 8617 6330 11052 10066 6366 5883 9755 12340 7560 12896 10166 12510 10557 13287 8351 7605 8308 5993 11750 13272 9191 6084 11672 10561 10490 13297 13215 9722 9703 6599 10308 9417 5566 8311 5279 12468 11925 11028 5877 8913 5121 9706 11500 12180 11195 9252 11402 9879 6134 6005 8824 6152 8309 11460 11606 11247 12063 10775 5746 8031 12991 8135 5081 9440 9982 11796 6277 12264 9903 12365 5632 5624 6590 9836 9707 9126 7292 11155 10064 6305 9308 12199 12689 9852 11659 9044 10901 9160 11147 6652 12139 9749 12691 6623 6470 9123 8072 7864 8418 7819 8575 8843 9479 6536 11919 9785 11057 9493 6088 9579 12681 5812 10060 10072 8454 9356 9314 11114 11092 8554 7215 5431 5650 12583 13208 5721 7962 11352 11548 7703 13012 12949 5658 6962 5436 8548 9060 5628 12045 10386 7867 7011 5417 5603 12760 8977 8021 5899 10521 5203 7763 9190 8752 11496 11187 10977 10325 10399 10774 5953 5105 12984 8587 11740 12367 13223 12285 5551 5368 5868 10181 8383 8874 11963 11037 5535 12995 7985 9912 10912 12325 6993 8911 5522 11756 7138 9583 6133 9174 8986 13151 7976 8067 12935 13009 8659 5940 7655 10678 11104 10241 10412 10988 9061 5711 6999 12602 5437 153640 6902 12534 8162 7932 8479 8436 12884 8629 8639 12092 10411 5686 5397 7234 5915 9659 5207 11411 11379 6443 13131 13132 11518 11921 6474 6354 9866 10868 13282 12501 9049 9798 8723 153660 9675 10736 11814 10453 6284 6958 5642 7790 8563 8648 9645 6639 6505 5987 6104 12851 12970 7878 12891 7257 10650 9784 6546 9358 9907 10473 10478 12829 9275 11362 11421 5565 10634 11181 9018 6012 13175 6483 12007 5859 8198 7910 8446 12481 6676 11849 6737 5465 10674 10545 6802 8751 13238 9345 11246 12706 6854 5762 7216 5891 7155 6713 8188 8846 12485 10444 6499 9918 9736 11369 10514 10891 9012 7265 9171 10655 10970 11227 10398 10261 8673 12953 12560 13204 13187 9698 12663 10388 9701 12688 12488 10076 12238 12661 12595 12459 13176 11248 9899 12274 10448 12190 10133 11642 11538 5474 6217 8564 9456 11757 10921 11955 5854 9225 12769 9902 9654 6169 5098 6177 8035 12948 7801 8368 10343 10274 9801 8358 6804 6747 12978 9261 5941 9777 8585 5504 7050 8992 8474 7791 12946 12687 13296 8602 7159 7255 11297 13283 9567 13248 6861 6871 7952 12841 9010 7258 7981 8557 6571 11571 6297 10852 10568 7453 12914 5872 11280 10858 10089 8804 7881 12922 7483 7374 8635 8917 7393 5879 11898 5492 5660 5740 10575 12067 8892 9111 9517 9608 12123 13276 10527 13235 10798 12058 6192 8211 6658 7119 12741 13334 13081 7853 5427 6849 12127 9699 9984 11200 13301 12253 10057 10391 9592 8489 6306 9096 8420 7198 8013 12377 10711 11554 6335 11566 10327 9837 10611 8411 5204 8187 13047 11644 9347 9692 9626 11498 6342 11556 10713 10897 5843 13033 6758 8263 7293 5107 5392 6957 12961 7021 7733 5503 8357 6190 6866 10932 8046 9248 12093 10294 13020 7124 13137 5435 12759 7118 12727 5406 7286 7502 5494 5825 9575 8543 8080 7112 13327 10396 10922 6581 5591 6646 7691 8015 10749 6061 13026 7501 7711 13199 5583 8134 7766 12780 10596 12261 8693 6334 12291 10046 11984 9216 5972 8823 11355 11120 11942 10298 11311 11679 11766 11842 10495 11265 11064 6183 6568 13115 6865 6967 7176 7377 10025 9726 11080 10460 10407 13191 7438 5378 12392 9678 10029 11981 12014 6292 7700 8171 7753 13317 6106 9383 5255 8096 7874 6679 11839 6818 8879 6771 10417 8989 8959 8755 11552 8841 5293 12194 12259 9893 11380 11338 12827 7601 12997 7320 12509 9112 12181 9995 9725 10052 8476 6940 8549 5246 5709 7924 9297 12818 12227 12112 9793 6538 9290 10550 10669 12889 153646 7516 8006 9117 9978 11344 5223 5778 153668 10817 9269 6524 8193 5312 11304 5307 6819 12905 10459 7193 7808 6915 9657 8810 6961 8422 10857 5347 7064 7937 11718 11805 9999 11361 11958 6540 7550 7929 8267 11774 11320 9648 7391 10854 12105 6633 11799 10438 11959 5490 12428 9544 11618 6704 7699 13105 7667 10916 9901 5133 10406 12342 6954 6991 10597 12610 7628 7696 6028 10805 9342 8868 8392 8384 12284 5897 11116 11449 9508 8579 7725 7429 7330 5278 7659 8777 9585 10480 12399 10415 5751 7165 12076 6235 11274 10328 6475 10637 9686 5403 6722 5348 5978 5923 9464 10315 10577 12521 9234 6511 5113 7221 6068 8347 11419 10262 9613 10196 6038 10249 9349 5900 10441 12739 6777 6425 9886 9177 12281 6092 8582 8401 8500 6347 8478 13305 10284 12205 11214 11442 10647 10497 7675 7110 12329 12087 9102 10689 13241 6454 13344 12632 10379 10410 11149 11873 10801 7052 7997 10671 5937 11001 5144 8382 8787 11637 8808 6039 9054 9124 10353 10450 6349 13146 5835 10530 10037 9584 10979 12228 12003 10664 9761 11769 12629 12349 12439 13143 6889 8940 12844 7600 10824 9428 9840 11685 12054 11845 11126 12094 9878 8163 7866 8778 7360 5487 8414 8020 5119 11030 11459 6397 5930 7915 9009 7847 6384 10516 8614 10757 12100 7462 8356 6609 7105 12518 12996 7202 12636 13315 11231 8344 7035 7166 11388 10781 11107 10237 9141 10608 11701 9367 12538 6480 6542 7925 7873 6122 6473 6845 12251 10193 10463 12222 11553 10776 9199 12169 12678 11708 5577 12296 9551 5880 11759 7532 7717 12044 7044 13110 12248 9987 12332 10350 10179 11438 6897 7547 5425 8713 7988 6727 11829 6492 8786 8724 5304 6742 11406 11680 13231 12109 11335 8433 10535 9869 8416 5108 7966 12779 6768 11416 12551 8145 8229 9135 11689 9488 9430 11660 10033 8430 7773 6299 10733 6484 12142 11677 6909 9651 7544 9292 8720 7590 7207 7051 8303 10439 10449 11516 8612 5160 11463 11021 10567 11233 11109 6582 7494 8005 7807 10771 5457 7834 5792 7618 7767 10442 9934 13198 5320 7856 7383 12219 10610 9891 7389 7164 12397 13271 5820 10474 10414 5321 7203 5530 9894 9859 6351 11118 10035 10630 10952 11526 11522 9350 12106 10494 11303 8499 6310 11700 11461 10651 8944 7677 8695 10289 8288 9965 13219 10536 9970 5594 7991 8220 6346 6232 11316 6457 6450 10142 7891 6875 12289 12277 12126 5528 10195 11264 7086 5408 6667 8279 7073 6371 5253 7778 7240 11876 7436 7982 8264 7556 5356 6424 12102 12288 12306 5303 7352 10837 7496 9547 6406 5903 11034 5838 7340 12519 7423 7559 5089 8748 11252 8594 7016 10835 12548 9354 13133 7635 12187 8502 10715 10779 13254 6746 10570 9152 10169 5821 5875 11235 5644 9131 9618 5677 12516 10898 10517 11938 10880 10683 5876 10007 8929 10269 12157 9392 10259 13201 12761 12312 10744 7624 7049 5318 6433 11521 8844 8725 6221 11999 12535 12037 9143 12703 9228 6215 5419 6992 5759 6238 6261 6778 12848 8195 13158 12987 8363 8553 9795 11932 11661 12547 8481 5596 9769 12159 10748 10109 10011 13306 13224 12215 8649 9569 12211 11150 11119 11262 13252 5167 9158 10364 7527 5329 13100 13052 7208 8451 7880 7087 8183 9952 9524 10028 5496 10253 7076 9041 9316 8370 8982 153648 6553 11837 8318 13070 7554 5456 6864 8690 10569 11296 6479 10293 13162 8622 9435 10726 12868 12630 12764 5467 7089 7651 9196 9617 10838 10913 9990 12294 10635 12333 13251 12104 11096 10961 7538 12833 13062 12931 13138 12435 9182 9136 6694 13029 7709 12847 5688 10199 9164 11128 8763 9294 9127 7326 8941 5902 9272 10721 13093 5922 5187 7637 7156 11975 8079 6063 11078 11334 8116 8133 5585 11751 10768 5078 9235 7280 9563 9502 11475 10709 7244 5375 153658 5228 8155 7623 5488 6645 12074 12685 11215 11681 11746 9996 11131 9222 9142 9929 10432 8739 10667 8733 7657 7955 12872 8186 12934 12511 6312 6213 9366 12986 12781 5134 6154 6935 5970 8123 5276 6288 7653 12771 5576 10013 11473 9421 12262 7222 5106 8306 9636 9224 13152 12425 7002 12613 10026 10933 7800 12816 5413 7025 12371 8334 5609 6046 5831 5237 7822 6099 12474 6624 6472 9499 6439 8574 8412 8980 9050 11348 7316 5673 6703 9849 10622 9439 8202 13069 12785 10900 11251 8628 12559 10512 11541 10787 10943 11425 10811 11675 9418 7854 8855 11711 11585 10372 6408 9760 9511 10673 5839 11186 6316 9627 9939 9497 11327 10332 12287 7658 5172 12282 9173 5612 5193 6077 10420 9983 12883 9843 5248 12768 5272 8867 8702 6205 8699 7905 10691 8641 10373 10529 5275 7447 11059 9644 10772 10309 5889 12662 12119 6320 12033 10540 10124 10911 7715 7785 9378 12740 5600 6891 12128 9824 11812 11626 10965 11534 5080 8388 8488 11079 10443 11687 9715 11046 11920 9285 11647 12089 5756 8373 7906 8114 10755 9491 6128 11343 11776 7487 10994 12134 12450 10055 5819 7306 5890 11698 9925 11230 11723 12701 12571 7297 8774 11940 11229 12028 8511 8516 9231 6259 6251 10400 10125 6583 12133 5882 10511 10212 10705 11420 6325 11279 11768 5114 8228 11846 10652 8726 8405 6883 7582 10563 10501 5637 7828 9365 11697 9765 10910 10626 6123 7090 7539 8998 8023 5263 7629 8999 5961 10760 10418 5893 11202 9536 153654 8922 7318 9129 5087 8004 5349 7451 7752 5239 9370 10484 12846 10832 12200 11236 9587 6015 6890 12462 6743 6662 7710 5319 6841 12023 11671 11269 7432 11203 11209 9507 12303 7563 6651 11653 10886 10082 13045 9048 10079 9709 12617 12960 12972 12939 7531 10263 10220 6665 6607 9139 5327 8209 7782 5592 11413 8556 8813 12981 6644 5262 12775 11487 5370 6796 5491 9742 5949 11249 10555 5684 9257 5701 10795 10483 11762 10339 6333 10149 5485 8239 5291 7023 6103 10592 11628 5851 11517 8630 9664 11205 12565 5689 6441 10140 5934 6514 6552 8528 8770 11323 6477 11069 8390 8342 8859 7422 9355 8811 6175 9529 6048 5659 5786 7261 11792 12136 9549 6069 12644 10139 5864 11310 6377 6228 6917 9483 9616 10870 9318 13186 11346 9462 6530 11611 12593 9487 11283 6632 10005 5855 5497 7678 8912 6926 7609 8408 11491 12275 9312 10766 6337 10999 10829 9721 10121 9602 9306 10436 8314 10653 8282 13085 6686 6685 13153 9100 12625 10224 13172 9860 12493 9870 11260 10132 10135 10831 7490 11113 7104 6969 7290 5130 5506 13038 5744 5614 9574 8073 8991 5960 11712 11073 9956 8462 7150 7170 9154 9779 13028 6675 6630 9774 11865 12853 13147 13331 5852 9862 6352 10725 10703 10742 10855 6466 8333 8504 8339 10424 10068 11027 10533 12467 12048 6869 6843 8421 8831 9411 5774 5833 13310 9669 6144 7404 7270 7887 13149 9188 7505 8025 6932 10352 11040 13083 5705 8386 7337 9039 13197 6693 7455 7237 7705 11332 5520 5242 6770 9959 6102 12355 9797 9348 8514 5110 7475 7470 7690 7058 8225 7704 7883 12814 6072 9328 11519 9747 13280 12789 8119 7013 6914 11505 12124 12300 13279 11598 10819 9443 11356 10086 9897 5665 6978 11786 10580 7442 5848 6827 6196 10225 9394 9259 9745 9106 7521 6711 11670 10404 10387 5680 10130 9845 7430 10586 10096 10191 10740 9274 7797 8518 6109 10405 5438 6927 7567 8092 10574 11794 6163 5580 10823 12108 9322 13267 11911 9927 6107 5529 9985 6399 12522 10461 12525 9208 10128 10489 9386 11992 5847 13016 13018 5672 9159 7379 7973 7186 11132 6500 10751 10802 8192 12667 5794 7810 12206 10273 9559 5827 5898 7424 6707 10604 6587 12612 6326 11987 6465 9321 13292 12835 8970 6972 5664 6911 5414 11822 8610 9134 6264 8542 10510 9887 5534 7225 5977 9506 7199 7353 9212 7911 12855 5968 8164 13320 12347 13265 12290 9382 9680 13291 11410 11486 9480 10127 7266 12449 7310 9087 11026 6173 13111 10966 10914 10807 8561 9045 5985 5962 5439 9047 10887 10279 12143 6572 6301 9401 11268 12650 9144 8675 8565 5983 6090 7836 6882 5597 10498 12546 12191 9695 11801 12001 7030 5225 9148 7485 7108 11549 7688 7458 6563 8525 6814 6834 10877 11136 10160 8852 8517 5992 8661 10214 9516 6415 11067 11271 13006 7580 11730 10796 12292 11494 8539 6735 5692 8495 6934 6362 7302 5703 5773 13059 8417 8920 8885 5613 8727 12815 5363 7694 10107 8501 8907 9115 11909 7420 8987 7305 6642 9419 10322 10936 5712 12357 11663 8469 7296 12301 12728 8003 6547 9823 11129 9605 12035 11593 10818 7474 9273 9459 6286 9604 6576 12530 12675 9195 10763 10543 10906 11377 9380 12976 7469 11002 12634 11875 5301 11948 10559 8882 7558 8667 9863 6178 13003 8278 11721 10177 9640 5957 5702 7454 5749 7498 5381 9138 9157 10359 12416 12464 6826 11989 13117 5655 10710 11015 11363 11180 11608 5226 12799 9905 9103 12461 10928 7295 9068 9465 13144 8008 12491 9238 12505 9299 9671 10301 10232 6931 10290 13102 6229 12208 6760 5109 13001 7524 12614 7431 12974 10320 9332 6636 8477 6008 9246 8698 10925 10306 11914 11884 6244 11550 11481 7799 11972 13237 11396 9146 5404 13150 5415 7922 5924 5192 8075 7786 8465 5616 8613 13290 12137 12341 8507 5643 8403 12869 7301 5975 7671 8103 6411 8487 7640 13134 5244 8498 10808 11060 6757 7238 7358 7903 7916 8232 5724 9974 9805 13273 9775 12426 11726 11821 8486 10839 10745 8355 7068 7947 6373 7662 7632 5317 12899 10799 7652 7892 6887 10245 6589 6487 10688 5183 5401 7024 8230 7037 11973 6663 6830 8069 7555 12969 11456 6302 7344 9501 7441 12492 13098 13259 6557 12241 6790 7757 8248 5546 10722 11561 5526 11508 6047 11349 9082 7433 9489 6079 8452 6868 9535 10615 9806 11886 10208 11152 12936 5155 7497 8785 13247 9085 11122 10862 8329 5146 9629 8671 5284 7523 12866 5741 7220 8459 8247 12314 9804 10062 10446 11198 11282 10681 5808 5421 8379 5331 6994 9289 5524 5640 7829 5332 5398 10522 10883 11928 11495 10027 5493 6794 11724 9942 12427 10581 6321 11976 12328 11871 11245 10000 9379 8893 6947 8468 12017 6141 8546 10812 12120 10053 10153 9371 10042 11878 13313 7732 12850 11767 12266 11255 13233 9624 6971 8378 12407 5841 11695 9948 9122 13076 12941 7761 6985 12852 7409 10041 11462 6203 10682 9600 11643 8825 5153 12659 12656 13263 7890 7946 12378 11728 5752 7899 8780 6734 12937 5365 12626 12877 5704 8143 5540 8203 6113 7542 7461 11206 10367 6308 8638 11044 9609 9189 8866 8889 9469 9384 5837 5770 8374 7578 8938 11870 10319 12225 6294 10935 7630 5219 12690 10227 9034 7397 6977 6966 7181 7213 5971 7066 10548 11559 9900 11376 12588 9468 10926 10145 12906 13298 9825 6594 10101 11211 13246 8746 13174 5727 8899 7812 8896 7231 9109 7328 9007 7730 7840 6055 9728 11306 10302 12684 12437 6445 9756 9002 7298 7954 7570 7913 7689 6682 5950 5265 6756 8393 8771 9961 6638 12273 9035 11892 6323 9337 11191 9632 10071 7421 8657 8674 5769 12472 6815 10645 7250 12989 7980 8442 6019 8569 6545 10074 13211 8184 7512 11008 6455 6187 10299 13236 12095 10118 5715 12843 6065 5590 7777 9169 5944 8176 10476 12172 7342 6677 8828 7055 8484 10175 12589 8990 13004 5573 8714 10947 10863 8805 6094 6877 8883 7515 5236 12707 6317 9724 10957 7376 7517 6979 12765 7071 5335 12099 10087 8781 8458 5905 12556 11066 10300 9304 10505 9928 10394 12322 7776 7446 8089 7084 8055 7481 5588 6515 11140 8901 7665 12012 10143 9165 9407 10377 10222 10246 7001 10063 11968 8043 12959 7993 5132 13113 10482 6591 9787 10696 8758 6064 7722 13218 9638 13155 8254 13091 9670 12894 7617 7139 7633 7875 12748 5781 13008 5803 11188 9490 12985 5380 9478 10985 9255 9767 10481 10640 10422 12716 9711 11291 12082 5440 7241 5757 6775 12512 12421 11752 13142 12666 9301 8562 6593 10724 9215 10788 10895 11098 10215 9814 12878 12207 10311 10940 10747 9008 8389 8058 8280 12375 5498 6304 9519 6265 12260 11041 12514 9888 5486 12552 9781 12151 9270 5830 6905 7479 7463 7562 7965 10049 11901 9343 6032 5926 11857 6387 11546 6878 6858 8240 10513 6603 6037 11492 7720 5200 12767 9249 11192 9738 12113 10765 7862 7373 6234 6245 11430 6233 10675 11453 6664 5982 6356 8570 8691 12738 12774 9404 12386 9374 5559 9979 11605 13300 10216 9181 6379 13278 9720 5516 5716 10945 13260 6421 11512 8515 6456 10077 8310 12911 8605 6101 7334 9219 12234 8547 10456 8321 6002 12773 5593 8002 7859 11895 5892 7480 7092 11974 10357 7324 9512 6309 11404 11501 10632 7850 11232 12533 8102 12908 11601 5285 6405 10718 10702 12664 12558 8242 7846 12141 9503 10987 6657 5670 7416 9815 6073 6619 12116 10431 9391 9921 6428 11678 10544 11242 10992 6289 9075 5196 5981 5800 12882 8881 6195 9850 5936 10467 11357 10045 8650 12585 9685 11863 6252 10773 10211 9346 11960 10434 10506 8041 7495 8201 12881 7669 8969 9335 12633 12608 6556 5582 12849 13021 13043 5282 8151 7272 12950 7465 7747 10792 9447 9540 12013 11006 11555 9313 10851 5865 10573 8637 8719 6987 7718 10642 6501 7849 5448 13079 7597 11389 8475 9955 8604 8466 5468 8431 8906 6078 7990 7844 5328 10695 11957 11540 11207 8191 8387 8088 8555 11782 13253 9079 9662 7029 8160 7188 7218 5523 7816 8159 8643 10853 6313 10759 10960 10661 12840 7619 5325 7348 8391 5199 6733 12316 12983 7179 8790 11652 11735 12940 7579 11834 11866 9243 9260 6396 7587 8027 11341 10955 10342 8765 10708 7795 7968 11951 10429 12177 5807 11532 8656 10791 8485 5111 5441 13065 6888 9098 7492 9133 9063 7219 12576 12622 9107 9236 6928 7506 5874 9110 9364 11281 11900 12520 8527 9646 9413 11586 12055 10641 7902 11787 11266 11448 11860 7314 9253 9676 9091 12770 5846 5844 10238 6148 6189 8371 7239 8863 5432 7908 7388 8665 10285 6355 9953 8791 6095 5563 7664 6214 10152 10944 6781 5270 7322 8926 5407 6541 6975 6616 10243 8568 11061 9028 11435 6509 11617 12163 10010 10268 12503 6485 12722 12828 7017 7904 7933 7341 6022 7336 10105 9789 10541 9027 7317 9523 12982 5723 9693 12413 12967 5818 13002 7313 8108 8131 11906 11714 12674 11286 5455 8782 7242 5429 9178 11016 9658 8581 6151 5316 8207 5507 6132 9857 6329 7043 7291 11085 6427 5569 8250 7175 12912 8443 8149 7135 8261 7986 12801 8255 12749 13332 9025 9467 11513 6117 5543 7331 9092 6332 9281 9232 11684 7471 10151 5814 13311 6138 6490 10620 12731 5341 7468 5767 9931 11288 11943 11091 5780 7187 8281 5911 5951 11542 10840 9522 12148 8850 12673 8520 9744 12563 6111 11289 6937 10623 12414 11761 11738 7742 7827 9813 9687 10207 11694 10349 11785 9484 8872 5268 6684 12876 12672 9147 12004 12243 12051 9865 11817 12631 11565 6438 6532 5513 8441 11072 11277 8036 5085 7069 11879 10662 13205 12536 10672 11212 9572 6782 10348 7371 5964 8631 9884 6468 8833 10088 10036 11312 6726 6788 13289 13314 9906 10892 12368 9625 11051 6361 11023 13169 8567 11400 12040 9920 6419 8349 5186 7303 11710 5906 11088 11772 10283 11851 7935 5611 11935 11578 5725 8257 8976 7719 8432 5732 5917 6873 9372 10385 11662 10783 6343 12327 11890 7346 7679 7551 5163 7620 7464 7385 11564 7884 6049 9420 12562 12676 8082 7136 8600 10218 10659 5856 12566 9175 5376 12942 9601 10100 12434 5489 6580 10144 13316 13010 5729 6874 7612 8538 7543 8275 10090 7549 10738 9409 7914 7026 7217 5587 7081 11704 5861 6628 12819 6797 12380 6100 8530 12056 9944 12276 10150 10170 8224 7513 7253 11956 5233 7823 10500 10954 8848 12458 10698 9543 11176 9167 7325 12919 12526 12712 11257 6448 10697 9782 9619 8773 6074 6402 12317 6620 9762 13308 6135 11722 6569 6210 11503 11321 12231 5997 9338 8655 11472 8057 8181 9071 8747 7803 8331 6529 6558 6075 9284 9620 12018 13040 12965 6535 7897 11250 6129 11333 9023 6730 12660 10885 11465 9452 11329 12214 5379 10616 12542 10295 10552 9376 9393 10368 9500 12863 11444 9976 12578 11575 12444 8300 5411 12418 5943 8571 6271 12080 11964 8045 8609 8580 9486 9377 10260 10849 11285 6124 11985 9949 12249 8153 7194 12787 9137 8645 10618 6792 12471 8809 8744 8249 8185 7196 7171 13312 10365 6625 9282 11365 11831 7020 5287 7128 7252 12643 7456 7327 8997 11368 9221 12757 11965 11847 10770 9562 9361 6168 8106 5299 13121 7831 5536 5333 5177 7775 8962 8453 8676 8471 10001 7100 5675 7528 7901 11391 8660 11631 11253 7162 8053 11528 9406 8789 7093 8437 5913 8692 11905 12596 11990 13135 7788 9661 10337 12268 6089 12286 6597 13148 12016 12980 5700 12776 12929 5281 12385 9436 7574 8315 7622 8904 6434 10016 5136 12457 10503 12221 12309 8262 7434 9534 8295 8011 13156 11882 12059 10083 10566 9988 11042 10117 12832 12783 10073 6219 5633 8599 10716 6672 6833 12350 11591 9558 11179 13126 12871 6647 6995 12708 8935 6162 10475 8815 8880 8039 6853 7386 6246 11278 11725 10409 9880 8304 7343 12581 9729 9751 11174 5584 8137 12396 7103 5605 5094 6944 6283 11359 5499 8222 11408 6412 6070 6918 7319 7802 6126 11791 13212 10975 8404 5126 5195 11315 11733 9256 9197 8646 8586 6241 8792 11755 12455 8909 8124 6717 12544 12615 12531 9108 7923 6127 8662 7940 5797 7281 7724 7687 7190 5931 5863 11944 9950 8636 13160 12513 7837 6806 6570 11632 8170 5560 6696 6091 11595 5084 7674 8812 7825 10331 10690 11039 7743 5720 8033 7018 12655 11470 11651 10761 11169 13258 9641 5824 10856 12073 9731 5912 10234 13244 10457 6194 5595 8706 7248 8761 8241 13074 5829 10882 8910 8330 6838 5509 6659 5372 8523 6779 8583 7813 5118 8365 6050 12223 6030 6400 11010 9387 12495 5234 12482 6096 7642 7057 6185 9861 12714 5273 5657 8291 8385 8794 11941 9194 8658 7603 6375 6322 8966 12599 12408 9192 10841 12411 11317 5480 12979 12933 11844 11754 6239 6359 6338 9408 10793 9494 8094 7584 5112 5621 5445 8961 8138 7351 8663 10281 9388 6637 11854 8618 8757 5557 7101 6963 8407 12746 5235 10330 11240 12419 7355 5148 10252 12298 6482 8132 12742 12865 8697 11429 7232 12917 5479 5343 12318 9672 10794 10435 7627 7012 13130 8327 5521 6769 12267 10032 12155 8286 11557 11945 7879 7693 7896 6965 7452 9561 13256 6504 11899 10663 7396 7737 7685 11562 6344 11995 6363 10275 6374 8919 8122 12391 10971 5885 6789 11737 11855 9498 10069 10583 12212 9460 12867 8932 5261 9433 9457 12445 12590 8835 8425 153650 5360 5361 8175 5708 12307 7256 10846 12653 12710 5857 6269 5139 8146 12792 9267 7338 7149 7522 5578 11342 12167 7019 8854 7604 6255 8916 12888 12990 11168 12766 12620 5952 11447 8834 12114 11145 7368 5623 6900 8369 5775 7426 8677 7907 12606 6916 11636 10753 6561 12966 5241 5777 6670 6786 6825 8964 7772 10189 10687 11736 10426 9264 7339 7056 7299 9555 10572 12183 5942 6863 9381 8526 11110 10508 11669 11358 6236 9526 7411 7577 10470 11158 11485 5346 7989 8592 6575 10017 9233 6510 9696 6057 10639 12500 12743 6026 5990 5620 6654 8429 10538 12184 11477 12201 9553 10565 10627 13129 8128 5685 5719 7275 11254 11529 9414 10099 10520 7526 11259 11082 12283 6276 10344 10018 12692 8090 12971 6253 11915 6222 11432 5294 5311 7789 8709 5101 6459 5929 8994 7000 5142 11597 8024 8606 153638 7928 5784 5382 6766 6224 7091 8016 8601 9873 11063 11326 12424 13061 5619 11816 7417 10600 11645 10097 9936 10537 5878 11228 11210 12324 9748 11007 12216 11696 9423 10267 11178 9714 11676 9904 12874 8345 8464 7649 13101 10813 9187 12744 12845 9307 12064 7792 5251 8032 5768 8060 9351 10003 9172 11159 10549 10591 11071 9763 12477 11533 12756 6712 11727 6738 12366 6067 9262 7841 8503 6010 5450 8927 12796 12723 8210 6783 11936 12415 12694 11045 8627 7738 6204 6147 8559 6822 6817 11840 12370 11121 7565 5761 9485 10525 8117 13107 6035 7111 5550 7963 7039 5147 9595 5631 8336 7308 7040 8716 9603 11196 8292 13118 8745 5191 12555 12798 7402 8762 6574 6879 7223 8857 8960 8340 8472 13067 13036 8268 13341 12373 10168 9718 6328 6116 9688 8018 5247 10546 9776 10383 11070 13329 5608 7706 6884 10677 13255 11747 11841 5389 6656 13157 6003 10094 5787 7415 9210 8664 8684 9895 9389 12718 9633 8118 12447 10564 6533 5909 10044 10182 12272 10590 6444 6182 9207 9227 12118 10358 9424 7668 7917 13195 10067 9740 9812 12088 10558 11904 6498 8972 7586 9132 11524 8849 9599 8884 5257 12621 7518 7279 9101 11815 10842 9532 13034 5515 11765 9986 11313 10889 9838 9822 13319 6449 6040 12236 7661 5661 11961 6606 12046 7950 7958 9466 12527 13071 7121 8979 6227 6562 9885 6617 10162 7074 6832 13261 12469 7726 5337 12395 11739 10847 12557 10034 11190 8293 6691 12698 9200 9145 9089 10815 6130 7080 5339 12130 10198 6895 5323 7746 12702 5175 11382 7987 10098 9966 12242 10959 11261 9913 9331 10769 8689 9710 9341 6426 7613 13333 7999 5634 6207 8040 5103 8864 10287 9042 9093 10902 9250 5896 12895 8942 12387 9495 5817 7876 11511 7126 5678 11859 5948 5184 6143 9020 10209 6145 10244 10188 9119 9794 10197 12432 13030 12161 6042 5779 7552 5976 8208 13051 13171 9820 10437 9788 11164 10266 6739 12648 12624 10981 9690 9400 6447 12209 5426 7189 7779 11350 10336 8545 8611 7172 13084 5691 8626 12836 13096 12794 9099 5965 8756 9578 10465 12401 6495 12582 10282 6528 6105 6280 9803 11398 6432 9705 11732 11588 6442 10048 10148 11272 12907 11138 12250 10680 9251 12988 7936 5410 6698 5869 10258 11133 11009 9163 13318 8939 6904 10723 9363 10038 6598 9001 8858 9265 11913 13294 9580 7759 6115 10040 5190 9477 10789 10335 11055 11135 12226 9576 8888 5646 9520 5243 5811 12517 10809 11861 13097 12800 7930 8856 6110 5574 11648 11455 11173 8259 13011 7014 12090 11612 8081 8397 9757 6243 8873 8544 7741 9240 9473 9951 6350 12356 12999 12964 12540 11885 11719 10321 6273 8095 8803 10553 9437 11031 7670 8595 12476 8298 8513 8317 7943 7727 12641 11934 9665 10187 5326 5996 5090 8394 12569 7748 13073 7491 6870 5531 12945 10984 9319 10416 11848 12831 8127 8098 6016 9972 13339 9150 5698 12873 11706 10676 11818 6856 6930 7350 10964 9739 12213 12597 7900 10904 10009 6437 8227 5259 5210 5179 11094 10617 11775 10419 12030 5570 5562 7063 12504 10579 10499 9971 6488 11125 9324 5231 13328 12713 9611 7278 7449 12550 11489 5998 7781 6939 12011 6801 12070 10213 6486 9450 12502 11600 7042 6087 11596 7227 7938 11980 10240 6612 5567 8059 7078 7153 6839 9716 9607 6262 10004 8642 9088 7230 9130 10828 9922 10929 11458 10980 11086 10777 12182 9835 11649 10248 8750 7918 7964 7581 7644 6167 5371 5215 9552 6159 5552 10631 11709 12705 12043 8112 8009 7184 9128 5806 9702 6385 10732 11103 9528 11641 7602 13213 12220 8603 13193 9311 10717 11011 9723 10112 10648 11360 6549 7365 8779 12574 12726 6795 12280 9329 11182 11537 11683 11749 6225 8837 7177 7178 10171 9474 9116 11665 12085 11106 11883 8632 11043 12239 6231 11084 11908 5798 6968 8000 12822 5151 7384 7157 5250 6950 8519 13230 11454 9933 11284 6370 9300 5674 12665 12440 5482 5713 5222 9589 7357 6543 11353 7390 7392 6025 5533 8071 5288 8875 6907 5400 8121 10147 7147 12885 7957 12315 12335 10917 6044 5601 6258 9733 6121 7857 5269 6136 10401 7445 7209 5918 11166 7697 5364 7708 5286 8054 8793 10874 7855 8924 8736 11446 5959 9340 13185 9390 8560 9461 10172 10081 8524 6052 11977 6521 9980 11025 10949 10374 11301 9062 7588 7372 7329 11482 12196 11058 8801 6943 13189 11917 9288 12977 12998 6723 5198 7047 11820 12369 5822 8956 6752 7621 8173 5280 5518 7714 8983 10861 10668 9170 13232 9438 10113 12075 9344 9817 10685 13164 5145 9046 13222 7656 5386 8051 7572 9206 13072 12924 12338 6578 10844 5980 12015 11000 8364 8700 10471 10065 12110 10354 7228 5764 13060 13338 12598 5652 13210 10694 6082 5645 6164 8589 10778 11893 11967 10814 7407 12951 7575 7811 5514 9737 9446 6604 12577 11953 10731 12057 10967 11779 9153 6056 9032 7273 12975 5162 7459 11175 9375 9875 8696 11415 9277 6772 6525 7067 7886 7680 7945 5796 6376 10504 5925 5290 8158 7102 13044 5221 12842 13032 12772 7472 7345 12473 12402 6997 7082 6984 10462 8074 8467 8710 8951 8022 5396 8165 7546 7309 12797 12830 7500 7180 7457 12383 6964 12737 8482 6811 10421 6555 10164 10833 10845 11354 8705 5213 6923 12802 7096 12719 6728 5469 11328 9385 10532 9832 6669 10646 12507 10427 12336 13288 11074 6683 8361 12837 8398 8341 12103 9771 10963 6341 11937 9397 11035 9442 12683 12297 10384 12062 6318 6460 6959 5988 6506 8593 6201 5181 12860 7263 5224 6906 8735 6009 10351 11115 5706 13336 6314 11256 8776 9357 8948 6892 7723 13023 8097 5260 12618 6784 6720 11773 5625 7168 8993 6414 13182 12398 13114 5904 9213 10313 9542 9818 9564 11375 12140 11991 11523 12132 7650 153652 5264 6776 6024 9642 10176 9090 6060 12389 10002 11476 7005 8189 8216 7643 13094 7750 6708 8148 7765 8931 13053 10256 12117 11018 10242 9790 11325 9205 6076 8842 12121 8366 7127 9802 11856 11243 8952 6300 8596 6949 8125 8140 9458 9623 10899 12431 11983 10704 9963 11127 10205 11707 11144 9946 9940 9679 12115 9000 5647 8110 12354 11083 10204 12150 9586 9889 6573 7860 12725 6998 11258 13165 10606 9872 11809 13078 7405 8294 12736 12304 11753 9591 5189 8783 6899 12973 12699 11087 6413 10937 8819 12823 5549 9005 12921 7197 6989 7226 7692 10059 10206 10735 10601 5738 12811 6678 6378 9697 10392 11836 9667 11053 5867 6791 12010 10729 10938 13335 12344 10599 11594 12107 10020 7927 12652 7097 12909 6912 10754 12111 11864 10534 12573 6401 5618 7736 11807 12734 11545 5310 13122 6013 12747 6798 11607 11569 7131 12930 12570 5810 11745 10619 6618 5532 7888 7921 5296 10727 11693 11539 13120 8818 9597 11307 11705 10370 8742 8019 5308 6807 13262 6709 8104 8014 5866 9846 5466 8120 7007 8150 5790 9083 9162 6697 7363 8681 6458 11810 12189 9095 12451 10201 6588 10341 12153 5916 9168 11392 7003 12825 5298 5366 8169 7598 8237 5517 5668 8494 7520 5168 12360 10433 10440 12441 12575 10108 10464 9509 11422 9631 9639 8816 6120 12345 7072 9070 5649 8483 7934 7695 8325 5125 8100 5138 8760 5946 12256 10609 7511 10621 11014 7885 12319 11330 10452 6773 11224 11270 12185 10797 11394 11793 9565 8312 7214 7721 6327 9118 11808 8034 8157 6980 10235 6467 9550 8743 8914 11510 9606 6810 12591 12600 10355 8540 11620 12293 5887 5478 11302 9743 5823 11273 8861 7229 12313 8271 7794 6846 6118 5428 6559 6364 12125 7833 8995 8902 5735 5306 11507 6627 5502 8214 7114 8064 7507 13046 5834 12795 9898 10666 7961 12443 12323 12381 6687 5853 7941 7818 9336 12171 10116 11668 9104 7467 12956 5501 8795 6212 6174 11105 10346 11604 11112 11383 6153 6417 8851 10297 10762 12295 9399 9006 8915 5206 13340 9848 10239 13184 10229 8381 7349 9077 9184 9957 11887 5581 12561 10584 12066 9839 6311 8738 5669 11452 9834 10093 11703 5131 12198 11451 10233 7315 9058 11322 6605 9844 9947 10893 10221 10402 12788 7702 8449 7307 5690 8457 8376 5604 5717 5357 8377 7031 6083 10340 10314 10376 13293 12086 10585 12657 5860 5395 8084 5541 8206 9652 12568 6829 7045 9080 12008 12310 10780 5202 9051 5554 7975 5586 8144 5739 10395 10163 11764 11996 8647 7548 8731 10123 10389 12390 9853 5539 8402 5638 8624 6257 12026 12168 11162 8898 6226 9327 11609 13242 5547 5377 5170 5205 5216 7195 10556 8666 7804 8026 5391 7085 12824 7537 9403 6595 10131 9778 12081 6208 9637 9022 13170 12647 12646 9202 11387 8767 11403 8621 9449 9482 6200 9910 10692 12002 6131 6808 10257 12192 10023 11075 10178 7477 10547 9808 7984 7868 7274 10397 9833 12098 8493 7784 13119 8869 8712 11467 9330 12901 6453 11657 6372 10371 11823 12448 9746 10629 7486 12594 12152 6461 7380 9279 9230 7564 6071 6206 10303 5622 8343 10425 9209 6489 10360 8584 8830 11988 6340 9527 10986 9185 6859 7978 8307 9649 9545 11148 11638 5548 7075 5607 8730 7395 13304 6621 12005 13266 12890 7065 6767 8933 8413 6392 5116 5388 9287 9021 10451 5991 8668 9295 5159 7211 12834 12745 8253 13321 10875 5788 6674 10908 11907 12920 10165 5969 9241 6816 7141 12807 8260 7787 7848 7948 7158 9975 12270 6186 12032 5676 7820 5545 13284 6955 7591 8460 6398 10588 7414 5537 6577 11399 11111 6494 10834 8845 6762 5390 5420 12049 9656 10190 11374 9455 11219 10024 9717 9938 5369 12429 12436 6517 6211 6218 6086 6202 11639 11803 6184 6584 12758 7106 5095 5254 8087 7361 6903 6661 10873 9426 5399 7034 9448 5888 9211 10739 11437 10993 5463 5402 9176 11221 10487 11986 9741 13167 7583 7249 9796 6596 13140 12709 5358 8463 10737 13188 7639 5508 6140 6290 11998 11770 10638 6700 13057 11783 11054 9427 11372 11573 10154 13136 7269 6029 6001 9291 13017 8028 7877 6170 10562 9998 12642 7046 5256 8862 12027 6608 12412 12732 5627 5884 7466 7332 7616 6097 12806 7534 6842 11603 6410 9030 7460 5161 13048 10871 7375 9510 11543 11547 9434 9783 6933 7861 5164 9360 6567 6156 6551 10114 12528 5737 13035 13159 13145 8737 9315 12417 13064 5910 10728 6471 10595 12628 13307 12175 6199 5765 11800 12302 5731 8272 13302 12096 7499 9673 11336 13250 9323 12695 9038 10326 11634 12682 10085 8729 12210 6592 10031 11731 12532 7210 5176 5446 8265 5572 6160 6158 7707 7992 7161 7140 8796 7362 13216 6785 5505 10186 10978 11843 11748 5322 7734 7974 6435 9125 7333 9333 11536 8372 7682 10251 9105 9890 9915 10890 6724 12957 8200 8066 7817 11124 10334 12203 6508 8768 6423 11024 10120 11686 5815 7268 6719 5920 10524 9908 12217 6635 11832 11599 7403 11183 10228 13005 13077 8231 11729 9799 11022 8974 7004 8788 6365 9444 9505 5129 5122 9113 8784 7167 7858 5662 9037 6263 10969 7205 5718 6296 8836 11208 5995 11509 7806 7646 11095 10288 9369 9914 11717 11858 12079 11902 6601 9754 9203 10850 12430 8930 6250 6885 9594 11371 11156 9239 5387 5476 12810 12454 11688 8682 9683 7419 5828 10589 6004 12178 12330 8839 9353 12020 7022 7666 6952 6520 7920 5180 9305 9655 6006 8981 5424 5458 10554 6710 9081 12403 12446 11581 5914 13173 9166 12635 9373 11682 12164 11019 11896 8672 6380 9074 5979 11160 8445 7755 10825 9792 12605 11780 6491 11931 13180 12077 9896 13221 11664 10382 7510 8328 11502 9650 9183 9155 11499 8326 8740 8878 6188 7611 5544 8038 9084 11142 9415 7169 8936 13128 7870 7120 5758 7311 7729 5542 7576 8971 5384 12916 5538 8221 12374 12686 10291 12480 5355 11033 8537 9217 8683 11290 7321 7382 11367 10989 10070 6000 8065 5473 5249 7245 5589 8049 6478 6496 10888 11692 12245 
Runtime in Minutes.: 15
