PopSize: 400, Gens: 0
0, 122.576
1, 122.831
2, 123.076
3, 123.296
4, 123.402
5, 123.544
6, 123.668
7, 123.765
8, 123.892
9, 123.993
10, 124.04
11, 124.128
12, 124.256
13, 124.34
14, 124.368
15, 124.436
16, 124.561
17, 124.587
18, 124.688
19, 124.745
20, 124.79
21, 124.829
22, 124.888
23, 124.926
24, 124.937
25, 125.002
26, 125.107
27, 125.203
28, 125.184
29, 125.253
30, 125.295
31, 125.386
32, 125.416
33, 125.481
34, 125.499
35, 125.561
36, 125.614
37, 125.731
38, 125.789
39, 125.777
40, 125.712
41, 125.83
42, 125.946
43, 126.05
44, 126.052
45, 126.005
46, 126.08
47, 126.109
48, 126.175
49, 126.134
50, 126.203
51, 126.291
52, 126.346
53, 126.541
54, 126.424
55, 126.566
56, 126.703
57, 126.828
58, 126.829
59, 126.896
60, 126.994
61, 127.082
62, 127.217
63, 127.371
64, 127.503
65, 127.614
66, 127.721
67, 127.702
68, 128.023
69, 128.095
70, 128.143
71, 128.267
72, 128.411
73, 128.612
74, 128.531
75, 128.75
76, 128.72
77, 129.126
78, 129.237
79, 129.231
80, 129.324
81, 129.434
82, 129.505
83, 129.697
84, 129.581
85, 129.935
86, 129.883
87, 129.931
88, 129.973
89, 130.169
90, 130.206
91, 130.302
92, 130.268
93, 130.511
94, 130.646
95, 130.516
96, 130.785
97, 130.852
98, 130.976
99, 130.969
100, 131.047
101, 131.107
102, 131.172
103, 131.34
104, 131.347
105, 131.198
106, 131.404
107, 131.514
108, 131.384
109, 131.576
110, 131.665
111, 131.679
112, 131.692
113, 131.529
114, 131.883
115, 131.859
116, 131.935
117, 131.932
118, 132.04
119, 131.894
120, 131.961
121, 132.137
122, 132.036
123, 132.085
124, 132.404
125, 132.343
126, 132.302
127, 132.196
128, 132.561
129, 132.355
130, 132.536
131, 132.44
132, 132.401
133, 132.397
134, 132.412
135, 132.249
136, 132.646
137, 132.71
138, 132.387
139, 132.812
140, 132.584
141, 132.887
142, 132.876
143, 133.239
144, 132.773
145, 132.862
146, 133.18
147, 132.75
148, 132.846
149, 132.745
150, 132.991
151, 133.062
152, 133.165
153, 133.321
154, 133.157
155, 133.348
156, 133.296
157, 133.415
158, 133.338
159, 133.158
160, 133.318
161, 133.481
162, 133.349
163, 133.416
164, 133.689
165, 133.778
166, 133.443
167, 133.717
168, 133.723
169, 133.705
170, 133.59
171, 133.589
172, 133.592
173, 133.451
174, 133.743
175, 133.647
176, 133.872
177, 133.761
178, 133.837
179, 133.712
180, 133.77
181, 133.95
182, 133.874
183, 133.728
184, 134.144
185, 133.919
186, 134.004
187, 133.956
188, 133.812
189, 134.054
190, 134.409
191, 134.288
192, 134.232
193, 134.163
194, 134.357
195, 133.996
196, 134.179
197, 134.455
198, 134.387
199, 134.554
200, 134.393
201, 134.179
202, 134.782
203, 134.649
204, 134.765
205, 134.49
206, 134.91
207, 134.627
208, 134.454
209, 134.643
210, 134.629
211, 134.779
212, 134.797
213, 134.604
214, 134.571
215, 134.643
216, 134.657
217, 134.921
218, 134.821
219, 134.926
220, 134.625
221, 134.938
222, 135.065
223, 135.099
224, 134.8
225, 135.026
226, 135.012
227, 135.04
228, 135.057
229, 134.962
230, 135.048
231, 135.081
232, 135.112
233, 135.236
234, 135.464
235, 135.686
236, 135.183
237, 135.474
238, 135.281
239, 134.963
240, 135.286
241, 135.406
242, 135.125
243, 135.076
244, 135.371
245, 135.543
246, 135.473
247, 135.156
248, 135.223
249, 135.553
250, 135.592
251, 135.215
252, 135.73
253, 135.494
254, 135.71
255, 135.278
256, 135.638
257, 135.62
258, 135.769
259, 135.364
260, 135.62
261, 135.385
262, 135.319
263, 135.884
264, 135.738
265, 135.944
266, 135.814
267, 135.532
268, 136.058
269, 135.933
270, 135.813
271, 135.908
272, 136.228
273, 135.967
274, 135.958
275, 135.907
276, 136.039
277, 135.851
278, 136.07
279, 135.932
280, 135.953
281, 136.059
282, 136.102
283, 136.462
284, 136.091
285, 136.182
286, 136.155
287, 136.254
288, 136.289
289, 136.679
290, 136.039
291, 136.145
292, 136.466
293, 136.216
294, 136.739
295, 136.368
296, 136.406
297, 136.542
298, 136.732
299, 136.436
300, 136.708
301, 136.524
302, 136.301
303, 136.734
304, 136.703
305, 136.61
306, 136.826
307, 136.708
308, 136.684
309, 136.569
310, 136.838
311, 136.38
312, 136.596
313, 136.682
314, 137.244
315, 136.612
316, 136.576
317, 136.996
318, 137.056
319, 136.644
320, 136.818
321, 136.778
322, 136.847
323, 136.755
324, 137.164
325, 136.836
326, 136.733
327, 137.047
328, 137.326
329, 137.088
330, 137.515
331, 137.447
332, 137.19
333, 136.797
334, 137.035
335, 137.331
336, 137.203
337, 136.984
338, 137.232
339, 137.082
340, 137.43
341, 137.791
342, 137.773
343, 137.182
344, 137.371
345, 137.38
346, 137.657
347, 137.601
348, 137.198
349, 137.353
350, 137.756
351, 137.399
352, 137.256
353, 137.405
354, 137.714
355, 137.611
356, 137.244
357, 137.761
358, 137.612
359, 137.561
360, 137.168
361, 137.414
362, 137.52
363, 137.967
364, 137.832
365, 137.86
366, 137.914
367, 137.802
368, 137.863
369, 137.503
370, 137.768
371, 137.941
372, 137.741
373, 137.716
374, 138.213
375, 138.037
376, 138.229
377, 137.64
378, 137.937
379, 138.029
380, 137.988
381, 137.677
382, 137.787
383, 137.594
384, 138.025
385, 137.865
386, 137.893
387, 137.81
388, 138.079
389, 137.942
390, 138.134
391, 137.854
392, 137.805
393, 138.214
394, 138.072
395, 137.982
396, 138.013
397, 137.991
398, 138.273
399, 138.225
400, 138.272
401, 138.148
402, 138.413
403, 138.303
404, 138.465
405, 138.298
406, 138.448
407, 138.342
408, 138.326
409, 138.276
410, 138.262
411, 138.239
412, 138.003
413, 138.486
414, 138.29
415, 138.237
416, 138.626
417, 138.466
418, 138.494
419, 138.616
420, 138.237
421, 138.716
422, 138.08
423, 138.413
424, 138.28
425, 138.36
426, 138.668
427, 138.876
428, 138.586
429, 138.719
430, 138.801
431, 138.899
432, 138.368
433, 139.013
434, 139.094
435, 139.101
436, 138.763
437, 138.95
438, 138.923
439, 139.259
440, 139.27
441, 139.213
442, 138.907
443, 139.136
444, 139.478
445, 138.906
446, 138.667
447, 138.863
448, 139.503
449, 139.369
450, 139.509
451, 139.431
452, 138.68
453, 139.029
454, 139.347
455, 139.304
456, 139.355
457, 139.202
458, 139.513
459, 138.975
460, 139.114
461, 139.765
462, 139.392
463, 139.203
464, 139.28
465, 139.322
466, 139.254
467, 139.369
468, 139.268
469, 139.651
470, 139.638
471, 139.653
472, 139.578
473, 138.981
474, 139.515
475, 139.764
476, 139.679
477, 139.748
478, 139.335
479, 139.656
480, 139.776
481, 139.345
482, 139.531
483, 139.853
484, 139.724
485, 139.791
486, 140.019
487, 140.063
488, 140.072
489, 139.458
490, 139.741
491, 139.968
492, 140.222
493, 139.975
494, 140.252
495, 140.034
496, 139.813
497, 139.797
498, 139.775
499, 140.017
500, 140.111
501, 139.991
502, 140.224
503, 140.069
504, 139.991
505, 140.106
506, 140.226
507, 139.761
508, 140.542
509, 140.055
510, 140.351
511, 140.394
512, 140.204
513, 140.192
514, 140.17
515, 140.126
516, 140.206
517, 140.63
518, 140.613
519, 139.915
520, 139.661
521, 140.272
522, 140.364
523, 140.21
524, 140.405
525, 140.484
526, 140.608
527, 140.453
528, 140.233
529, 140.619
530, 140.398
531, 140.709
532, 140.144
533, 140.212
534, 140.272
535, 140.168
536, 140.615
537, 141.016
538, 141.021
539, 140.965
540, 140.701
541, 140.92
542, 141.009
543, 141.375
544, 141.214
545, 140.601
546, 140.821
547, 140.916
548, 141.149
549, 140.935
550, 140.62
551, 140.73
552, 141.056
553, 140.92
554, 140.924
555, 141.089
556, 141.028
557, 140.881
558, 141.193
559, 141.134
560, 140.935
561, 141.427
562, 140.526
563, 141.272
564, 141.307
565, 141.29
566, 141.457
567, 140.915
568, 141.114
569, 141.125
570, 141.272
571, 141.044
572, 141.165
573, 141.393
574, 141.694
575, 141.416
576, 141.265
577, 141.44
578, 141.532
579, 141.678
580, 141.481
581, 141.405
582, 141.88
583, 141.433
584, 141.514
585, 141.425
586, 141.11
587, 141.655
588, 141.638
589, 141.084
590, 141.341
591, 141.77
592, 141.272
593, 141.596
594, 141.121
595, 141.517
596, 141.996
597, 141.754
598, 141.949
599, 142.073
600, 141.578
601, 141.851
602, 141.889
603, 141.414
604, 142.158
605, 141.835
606, 141.636
607, 142.125
608, 141.95
609, 141.865
610, 141.635
611, 142.136
612, 141.399
613, 141.806
614, 141.809
615, 141.974
616, 141.736
617, 141.503
618, 142.367
619, 142.04
620, 141.864
621, 141.987
622, 142.316
623, 142.391
624, 142.226
625, 142.174
626, 142.011
627, 142.198
628, 141.777
629, 142.152
630, 141.823
631, 142.295
632, 142.472
633, 141.777
634, 141.977
635, 141.526
636, 142.086
637, 141.99
638, 142.188
639, 141.684
640, 142.129
641, 142.424
642, 142.565
643, 141.618
644, 142.166
645, 142.384
646, 142.598
647, 142.508
648, 142.494
649, 142.523
650, 142.264
651, 142.747
652, 142.394
653, 142.605
654, 142.639
655, 142.596
656, 142.667
657, 142.523
658, 142.709
659, 142.921
660, 142.173
661, 143.09
662, 142.623
663, 142.653
664, 142.83
665, 142.477
666, 142.727
667, 142.356
668, 143.119
669, 143.201
670, 143.063
671, 142.686
672, 143.033
673, 142.684
674, 142.804
675, 142.91
676, 142.707
677, 143.007
678, 142.676
679, 143.305
680, 142.812
681, 143.384
682, 143.222
683, 143.284
684, 143.336
685, 143.059
686, 143.133
687, 143.192
688, 142.768
689, 142.934
690, 143.379
691, 143.423
692, 142.952
693, 143.348
694, 142.711
695, 143.215
696, 143.089
697, 143.408
698, 143.412
699, 143.234
700, 143.268
701, 143.373
702, 143.304
703, 143.498
704, 143.523
705, 143.458
706, 143.151
707, 143.696
708, 143.778
709, 143.549
710, 143.716
711, 143.791
712, 143.259
713, 143.47
714, 142.911
715, 143.037
716, 143.216
717, 143.687
718, 143.375
719, 143.874
720, 143.681
721, 143.652
722, 143.592
723, 143.519
724, 143.212
725, 143.491
726, 143.292
727, 143.617
728, 144.077
729, 144.024
730, 143.867
731, 143.571
732, 142.825
733, 143.205
734, 143.412
735, 144.167
736, 143.816
737, 144.299
738, 143.593
739, 143.832
740, 143.477
741, 143.721
742, 143.748
743, 143.598
744, 144.049
745, 143.65
746, 143.655
747, 143.743
748, 142.765
749, 143.909
750, 143.647
751, 144.118
752, 143.946
753, 144.34
754, 144.557
755, 143.998
756, 144.281
757, 144.115
758, 144.258
759, 144.212
760, 144.16
761, 144.352
762, 143.895
763, 144.198
764, 143.544
765, 144.634
766, 144.009
767, 144.249
768, 144.281
769, 143.74
770, 144.422
771, 144.692
772, 144.553
773, 144.449
774, 144.68
775, 144.72
776, 144.514
777, 143.93
778, 144.604
779, 144.127
780, 144.678
781, 144.311
782, 144.365
783, 144.703
784, 143.983
785, 144.187
786, 144.742
787, 144.245
788, 144.145
789, 144.899
790, 144.601
791, 144.501
792, 145.082
793, 144.401
794, 144.389
795, 145.117
796, 145.205
797, 144.175
798, 144.971
799, 144.456
800, 145.221
801, 145.158
802, 144.548
803, 144.716
804, 145.001
805, 144.872
806, 145.008
807, 144.998
808, 144.696
809, 145.023
810, 145.183
811, 145.118
812, 144.226
813, 144.993
814, 144.917
815, 144.675
816, 144.61
817, 145.053
818, 144.92
819, 144.5
820, 144.807
821, 144.937
822, 144.83
823, 144.761
824, 145.329
825, 145.315
826, 144.893
827, 144.973
828, 145.285
829, 144.674
830, 145.288
831, 145.442
832, 145.578
833, 145.129
834, 144.949
835, 145.116
836, 144.721
837, 144.914
838, 144.815
839, 144.469
840, 145.532
841, 145.251
842, 145.327
843, 144.931
844, 144.741
845, 145.297
846, 145.545
847, 145.489
848, 144.937
849, 145.902
850, 145.519
851, 145.713
852, 145.594
853, 145.525
854, 145.617
855, 145.696
856, 145.969
857, 145.693
858, 145.778
859, 145.126
860, 145.313
861, 145.872
862, 145.583
863, 145.541
864, 145.634
865, 145.322
866, 145.417
867, 145.903
868, 145.615
869, 145.79
870, 145.403
871, 146.071
872, 145.902
873, 145.91
874, 145.57
875, 146.217
876, 145.542
877, 145.556
878, 146.361
879, 145.842
880, 145.809
881, 145.979
882, 145.779
883, 145.36
884, 145.646
885, 144.864
886, 145.539
887, 145.527
888, 146.306
889, 145.851
890, 146.566
891, 146.129
892, 146.42
893, 146.206
894, 146.474
895, 145.849
896, 146.025
897, 145.967
898, 146.175
899, 145.375
900, 146.276
901, 146.521
902, 145.913
903, 146.177
904, 145.928
905, 146.455
906, 145.729
907, 146.404
908, 146.388
909, 146.374
910, 146.921
911, 147.085
912, 146.325
913, 146.23
914, 146.523
915, 147.007
916, 146.384
917, 146.307
918, 146.169
919, 146.508
920, 146.356
921, 146.422
922, 146.505
923, 146.56
924, 146.422
925, 146.173
926, 146.293
927, 146.516
928, 146.199
929, 146.907
930, 146.785
931, 146.099
932, 147.072
933, 146.828
934, 146.636
935, 147.253
936, 147.281
937, 147.373
938, 146.851
939, 146.897
940, 147.413
941, 147.352
942, 146.991
943, 146.39
944, 146.257
945, 147.166
946, 147.347
947, 147.647
948, 146.91
949, 146.109
950, 146.826
951, 147.119
952, 147.07
953, 147.081
954, 147.476
955, 147.659
956, 146.942
957, 147.226
958, 147.196
959, 147.888
960, 146.96
961, 147.473
962, 147.094
963, 146.969
964, 146.615
965, 147.574
966, 147.642
967, 147.006
968, 147.721
969, 146.831
970, 147.414
971, 147.692
972, 147.356
973, 147.33
974, 146.874
975, 147.768
976, 147.455
977, 147.643
978, 147.254
979, 147.484
980, 146.942
981, 147.877
982, 147.779
983, 147.679
984, 147.594
985, 147.856
986, 147.603
987, 147.431
988, 147.848
989, 148.002
990, 147.766
991, 147.916
992, 147.846
993, 148.13
994, 148.294
995, 148.162
996, 147.596
997, 147.888
998, 147.791
999, 148.232
1000, 146.918
1001, 147.655
1002, 147.511
1003, 147.61
1004, 148.223
1005, 147.59
1006, 148.175
1007, 148.45
1008, 148.321
1009, 147.763
1010, 148.057
1011, 148.2
1012, 148.327
1013, 148.087
1014, 147.93
1015, 148.428
1016, 147.291
1017, 148.589
1018, 147.897
1019, 147.889
1020, 148.393
1021, 148.607
1022, 148.229
1023, 148.639
1024, 148.215
1025, 148.077
1026, 148.033
1027, 147.864
1028, 148.245
1029, 148.294
1030, 148.413
1031, 148.552
1032, 148.283
1033, 148.348
1034, 148.289
1035, 148.256
1036, 148.514
1037, 148.378
1038, 148.757
1039, 148.146
1040, 148.817
1041, 148.977
1042, 148.711
1043, 148.993
1044, 148.049
1045, 148.593
1046, 148.734
1047, 148.418
1048, 149.195
1049, 148.42
1050, 148.94
1051, 149.137
1052, 148.961
1053, 148.867
1054, 148.612
1055, 148.496
1056, 149.229
1057, 148.496
1058, 148.762
1059, 149.157
1060, 149.126
1061, 148.487
1062, 148.994
1063, 148.821
1064, 149.354
1065, 148.614
1066, 148.427
1067, 149.253
1068, 148.86
1069, 149.368
1070, 149.074
1071, 148.827
1072, 149.475
1073, 148.808
1074, 149.49
1075, 149.799
1076, 148.621
1077, 148.935
1078, 148.24
1079, 149.174
1080, 149.321
1081, 149.496
1082, 149.67
1083, 149.149
1084, 149.044
1085, 149.221
1086, 149.442
1087, 149.165
1088, 149.402
1089, 148.913
1090, 148.888
1091, 148.932
1092, 149.185
1093, 149.348
1094, 149.131
1095, 149.132
1096, 148.282
1097, 148.711
1098, 149.021
1099, 149.252
1100, 148.573
1101, 149.709
1102, 149.213
1103, 149.298
1104, 149.313
1105, 149.401
1106, 149.653
1107, 149.926
1108, 149.796
1109, 150.105
1110, 150.422
1111, 149.794
1112, 149.771
1113, 149.429
1114, 149.054
1115, 149.478
1116, 149.616
1117, 150.041
1118, 150.066
1119, 149.625
1120, 150.21
1121, 149.66
1122, 148.765
1123, 149.648
1124, 150.002
1125, 149.728
1126, 149.857
1127, 149.937
1128, 150.149
1129, 150.432
1130, 149.858
1131, 149.799
1132, 150.328
1133, 149.901
1134, 149.823
1135, 150.644
1136, 150.27
1137, 149.913
1138, 150.138
1139, 150.67
1140, 149.582
1141, 149.895
1142, 150.367
1143, 150.428
1144, 149.918
1145, 150.537
1146, 150.728
1147, 150.198
1148, 150.773
1149, 149.767
1150, 150.099
1151, 150.078
1152, 150.406
1153, 151.053
1154, 150.538
1155, 150.429
1156, 150.66
1157, 150.629
1158, 150.6
1159, 149.77
1160, 150.469
1161, 150.328
1162, 150.05
1163, 150.386
1164, 151.045
1165, 150.593
1166, 150.736
1167, 151.064
1168, 149.995
1169, 150.892
1170, 150.614
1171, 150.817
1172, 150.913
1173, 150.508
1174, 150.169
1175, 149.824
1176, 150.876
1177, 150.102
1178, 150.589
1179, 151.036
1180, 151.167
1181, 151.312
1182, 150.455
1183, 150.5
1184, 151.568
1185, 150.912
1186, 150.824
1187, 151.278
1188, 151.087
1189, 151.505
1190, 150.681
1191, 151.157
1192, 150.595
1193, 150.945
1194, 150.539
1195, 151.662
1196, 151.645
1197, 150.237
1198, 151.177
1199, 150.896
1200, 150.855
1201, 150.87
1202, 150.878
1203, 151.495
1204, 151.575
1205, 150.761
1206, 151.298
1207, 151.39
1208, 151.075
1209, 150.828
1210, 151.921
1211, 151.148
1212, 151.522
1213, 151.909
1214, 151.575
1215, 151.495
1216, 152.008
1217, 150.859
1218, 151.76
1219, 151.4
1220, 150.878
1221, 151.626
1222, 151.885
1223, 151.374
1224, 151.706
1225, 151.734
1226, 151.998
1227, 152.133
1228, 151.815
1229, 151.712
1230, 151.879
1231, 151.052
1232, 151.616
1233, 151.106
1234, 151.29
1235, 151.668
1236, 151.913
1237, 151.613
1238, 151.329
1239, 151.462
1240, 152.211
1241, 151.831
1242, 152.201
1243, 152.239
1244, 152.536
1245, 152.189
1246, 151.788
1247, 151.403
1248, 152.13
1249, 151.784
1250, 152.466
1251, 152.148
1252, 152.626
1253, 151.244
1254, 152.383
1255, 152.109
1256, 152.397
1257, 152.277
1258, 152.655
1259, 152.477
1260, 152.14
1261, 151.572
1262, 152.39
1263, 152.618
1264, 152.469
1265, 151.663
1266, 152.774
1267, 152.282
1268, 152.193
1269, 152.673
1270, 153.121
1271, 152.095
1272, 152.338
1273, 152.513
1274, 152.314
1275, 152.018
1276, 152.343
1277, 152.692
1278, 152.317
1279, 152.072
1280, 152.837
1281, 152.269
1282, 152.171
1283, 152.259
1284, 152.901
1285, 153.081
1286, 152.307
1287, 152.461
1288, 152.759
1289, 152.208
1290, 152.913
1291, 152.861
1292, 152.257
1293, 151.492
1294, 153.011
1295, 152.892
1296, 153.344
1297, 152.616
1298, 152.901
1299, 151.508
1300, 152.626
1301, 152.679
1302, 152.562
1303, 152.405
1304, 153.078
1305, 153.283
1306, 152.617
1307, 152.447
1308, 153.025
1309, 151.77
1310, 151.733
1311, 153.017
1312, 152.856
1313, 152.73
1314, 153.901
1315, 153.301
1316, 152.867
1317, 152.491
1318, 153.298
1319, 152.459
1320, 152.376
1321, 152.335
1322, 153.677
1323, 152.999
1324, 153.394
1325, 152.842
1326, 153.027
1327, 153.227
1328, 153.131
1329, 152.853
1330, 153.246
1331, 153.265
1332, 152.41
1333, 152.304
1334, 152.674
1335, 152.967
1336, 153.323
1337, 153.437
1338, 154.031
1339, 153.615
1340, 153.566
1341, 153.724
1342, 153.35
1343, 153.205
1344, 153.107
1345, 153.845
1346, 153.637
1347, 152.366
1348, 153.689
1349, 153.005
1350, 153.387
1351, 152.243
1352, 152.419
1353, 153.706
1354, 153.451
1355, 154.029
1356, 153.48
1357, 153.886
1358, 153.677
1359, 153.047
1360, 153.531
1361, 153.925
1362, 153.767
1363, 153.959
1364, 153.713
1365, 153.204
1366, 153.51
1367, 152.991
1368, 153.961
1369, 153.921
1370, 153.89
1371, 152.927
1372, 152.779
1373, 153.247
1374, 154.065
1375, 153.888
1376, 154.154
1377, 153.503
1378, 154.328
1379, 153.394
1380, 153.829
1381, 153.22
1382, 154.364
1383, 154.745
1384, 154.279
1385, 154.778
1386, 153.617
1387, 153.27
1388, 154.269
1389, 153.345
1390, 153.314
1391, 154.116
1392, 153.189
1393, 154.256
1394, 154.378
1395, 154.292
1396, 153.673
1397, 153.779
1398, 153.865
1399, 153.123
1400, 154.375
1401, 153.843
1402, 153.865
1403, 155.092
1404, 154.703
1405, 154.756
1406, 153.207
1407, 154.225
1408, 154.379
1409, 153.624
1410, 153.611
1411, 153.645
1412, 154.178
1413, 154.461
1414, 154.075
1415, 154.395
1416, 154.84
1417, 153.886
1418, 153.928
1419, 154.772
1420, 155.145
1421, 154.813
1422, 154.326
1423, 154.758
1424, 154.129
1425, 154.18
1426, 155.017
1427, 154.424
1428, 154.014
1429, 154.898
1430, 155.005
1431, 154.542
1432, 154.458
1433, 154.888
1434, 154.507
1435, 154.737
1436, 155.041
1437, 154.325
1438, 154.384
1439, 154.234
1440, 154.384
1441, 154.954
1442, 154.208
1443, 154.949
1444, 154.824
1445, 154.767
1446, 154.376
1447, 154.736
1448, 154.76
1449, 154.869
1450, 155.004
1451, 154.556
1452, 155.346
1453, 155.09
1454, 154.714
1455, 155.869
1456, 155.31
1457, 154.974
1458, 154.474
1459, 154.361
1460, 154.983
1461, 154.989
1462, 154.781
1463, 154.431
1464, 154.65
1465, 155.282
1466, 154.338
1467, 155.831
1468, 155.154
1469, 155.255
1470, 154.55
1471, 155.805
1472, 154.368
1473, 154.89
1474, 154.603
1475, 155.448
1476, 155.11
1477, 154.945
1478, 155.44
1479, 155.618
1480, 155.302
1481, 155.157
1482, 154.577
1483, 154.683
1484, 154.14
1485, 155.276
1486, 155.473
1487, 156.011
1488, 156.35
1489, 155.986
1490, 155.975
1491, 155.727
1492, 155.642
1493, 155.822
1494, 155.117
1495, 155.902
1496, 154.977
1497, 154.555
1498, 155.638
1499, 154.427
1500, 155.271
1501, 155.761
1502, 155.676
1503, 155.628
1504, 155.083
1505, 155.502
1506, 155.577
1507, 155.085
1508, 155.544
1509, 154.862
1510, 155.362
1511, 155.941
1512, 155.631
1513, 156.469
1514, 156.315
1515, 156.248
1516, 155.952
1517, 155.383
1518, 155.536
1519, 155.87
1520, 156.077
1521, 156.148
1522, 155.662
1523, 155.63
1524, 154.793
1525, 156.18
1526, 156.07
1527, 156.01
1528, 155.539
1529, 156.19
1530, 156.074
1531, 156.096
1532, 156.416
1533, 156.728
1534, 156.233
1535, 156.995
1536, 155.661
1537, 155.934
1538, 155.482
1539, 154.865
1540, 156.783
1541, 155.912
1542, 156.004
1543, 156.917
1544, 156.379
1545, 157.382
1546, 156.467
1547, 156.658
1548, 156.638
1549, 156.124
1550, 157.006
1551, 156.237
1552, 156.909
1553, 156.237
1554, 156.489
1555, 156.713
1556, 156.578
1557, 155.349
1558, 155.877
1559, 155.988
1560, 156.443
1561, 156.78
1562, 155.613
1563, 156.229
1564, 156.61
1565, 156.747
1566, 156.408
1567, 156.279
1568, 156.936
1569, 156.164
1570, 156.146
1571, 156.774
1572, 156.92
1573, 157.566
1574, 156.755
1575, 156.707
1576, 156.793
1577, 155.403
1578, 156.597
1579, 156.48
1580, 156.17
1581, 156.703
1582, 156.635
1583, 157.341
1584, 157.016
1585, 157.316
1586, 157.029
1587, 156.862
1588, 156.218
1589, 157.444
1590, 157.356
1591, 157.335
1592, 156.859
1593, 156.516
1594, 156.854
1595, 156.135
1596, 157.445
1597, 156.796
1598, 156.642
1599, 157.607
1600, 156.886
1601, 157.099
1602, 157.291
1603, 157.099
1604, 157.727
1605, 157.025
1606, 156.984
1607, 157.215
1608, 157.214
1609, 157.443
1610, 157.289
1611, 156.651
1612, 157.31
1613, 157.253
1614, 157.419
1615, 157.338
1616, 157.047
1617, 157.668
1618, 157.297
1619, 157.186
1620, 157.59
1621, 156.604
1622, 157.849
1623, 157.928
1624, 157.294
1625, 158.007
1626, 157.309
1627, 156.601
1628, 156.777
1629, 157.202
1630, 157.951
1631, 157.595
1632, 157.926
1633, 157.999
1634, 157.31
1635, 157.614
1636, 156.868
1637, 157.553
1638, 158.14
1639, 157.356
1640, 158.269
1641, 158.213
1642, 158.069
1643, 157.426
1644, 157.404
1645, 157.588
1646, 158.162
1647, 158.478
1648, 157.894
1649, 157.394
1650, 158.25
1651, 157.526
1652, 157.988
1653, 158.796
1654, 157.837
1655, 158.715
1656, 157.712
1657, 156.78
1658, 157.797
1659, 157.959
1660, 157.351
1661, 158.503
1662, 157.371
1663, 158.308
1664, 157.369
1665, 157.55
1666, 158.349
1667, 158.166
1668, 157.572
1669, 158.03
1670, 157.618
1671, 158.246
1672, 158.036
1673, 158.465
1674, 158.331
1675, 158.824
1676, 158.459
1677, 158.126
1678, 158.292
1679, 158.467
1680, 158.272
1681, 158.52
1682, 158.259
1683, 157.39
1684, 158.571
1685, 158.312
1686, 157.631
1687, 158.359
1688, 158.153
1689, 157.862
1690, 157.501
1691, 158.292
1692, 158.5
1693, 159.252
1694, 158.713
1695, 159.574
1696, 158.331
1697, 158.388
1698, 158.324
1699, 157.429
1700, 158.219
1701, 157.942
1702, 159.036
1703, 159.106
1704, 158.816
1705, 158.918
1706, 159.133
1707, 158.658
1708, 158.424
1709, 158.953
1710, 158.515
1711, 158.459
1712, 158.826
1713, 158.745
1714, 158.604
1715, 158.967
1716, 158.19
1717, 158.987
1718, 159.106
1719, 158.072
1720, 158.865
1721, 158.162
1722, 158.223
1723, 158.345
1724, 157.953
1725, 159.122
1726, 158.305
1727, 159.247
1728, 158.622
1729, 158.877
1730, 158.849
1731, 158.599
1732, 159.672
1733, 159.326
1734, 158.988
1735, 159.541
1736, 160.011
1737, 160.228
1738, 158.526
1739, 159.062
1740, 159.517
1741, 159.183
1742, 159.001
1743, 158.94
1744, 159.219
1745, 159.565
1746, 158.743
1747, 159.695
1748, 158.922
1749, 159.165
1750, 159.033
1751, 159.12
1752, 159.916
1753, 159.657
1754, 158.947
1755, 159.731
1756, 159.521
1757, 159.771
1758, 159.021
1759, 159.571
1760, 159.015
1761, 159.013
1762, 160.266
1763, 159.192
1764, 159.556
1765, 159.411
1766, 160.111
1767, 159.596
1768, 158.405
1769, 159.639
1770, 159.911
1771, 160.012
1772, 160.405
1773, 159.387
1774, 159.26
1775, 160.514
1776, 159.731
1777, 158.85
1778, 160.434
1779, 160.263
1780, 159.856
1781, 160.33
1782, 159.992
1783, 159.803
1784, 159.884
1785, 158.812
1786, 159.757
1787, 159.053
1788, 159.943
1789, 160.325
1790, 159.367
1791, 159.326
1792, 159.57
1793, 158.854
1794, 159.842
1795, 159.803
1796, 159.865
1797, 160.16
1798, 158.96
1799, 159.981
1800, 160.377
1801, 159.038
1802, 159.459
1803, 159.908
1804, 159.09
1805, 159.784
1806, 159.726
1807, 159.792
1808, 159.574
1809, 160.156
1810, 160.61
1811, 159.3
1812, 160.384
1813, 159.653
1814, 160.507
1815, 159.411
1816, 159.96
1817, 159.56
1818, 159.975
1819, 160.878
1820, 160.122
1821, 160.444
1822, 159.935
1823, 160.774
1824, 160.293
1825, 159.719
1826, 159.594
1827, 158.93
1828, 160.247
1829, 159.931
1830, 159.821
1831, 160.489
1832, 159.987
1833, 160.17
1834, 160.723
1835, 160.108
1836, 160.445
1837, 161.348
1838, 160.155
1839, 159.454
1840, 159.958
1841, 161.058
1842, 160.541
1843, 161.115
1844, 160.716
1845, 160.684
1846, 160.306
1847, 159.817
1848, 160.988
1849, 160.924
1850, 160.324
1851, 160.349
1852, 160.931
1853, 160.85
1854, 160.522
1855, 160.647
1856, 160.286
1857, 159.716
1858, 160.547
1859, 160.833
1860, 160.073
1861, 161.32
1862, 160.468
1863, 160.41
1864, 160.945
1865, 162.224
1866, 160.068
1867, 161.372
1868, 160.055
1869, 160.765
1870, 161.265
1871, 160.923
1872, 160.472
1873, 161.625
1874, 160.663
1875, 160.785
1876, 160.61
1877, 160.731
1878, 160.385
1879, 160.583
1880, 161.689
1881, 160.944
1882, 160.606
1883, 159.06
1884, 159.732
1885, 160.919
1886, 161.645
1887, 161.332
1888, 161
1889, 160.321
1890, 160.948
1891, 160.621
1892, 161.159
1893, 160.857
1894, 160.624
1895, 161.082
1896, 160.796
1897, 160.845
1898, 160.201
1899, 160.276
1900, 160.84
1901, 160.73
1902, 160.522
1903, 161.979
1904, 161.163
1905, 160.652
1906, 161.124
1907, 161.192
1908, 160.61
1909, 160.525
1910, 161.148
1911, 161.753
1912, 161.576
1913, 161.051
1914, 162.121
1915, 161.703
1916, 161.784
1917, 161.587
1918, 161.616
1919, 161.169
1920, 161.487
1921, 161.168
1922, 160.997
1923, 161.65
1924, 161.696
1925, 161.512
1926, 161.408
1927, 161.955
1928, 161.545
1929, 161.597
1930, 162.106
1931, 161.756
1932, 162.755
1933, 161.553
1934, 162.655
1935, 161.093
1936, 162.099
1937, 162.114
1938, 161.148
1939, 161.453
1940, 161.621
1941, 161.088
1942, 160.858
1943, 161.395
1944, 161.584
1945, 162.187
1946, 162.057
1947, 161.419
1948, 162.123
1949, 161.361
1950, 162.07
1951, 161.655
1952, 162.869
1953, 161.855
1954, 162.069
1955, 162.181
1956, 161.315

1956, 164.693, 60719140, 12457 6593 5450 11415 10955 12667 12522 13239 10093 5085 7133 11193 10032 6135 7209 8064 7743 9250 5917 12849 7968 12774 8335 7444 5238 9200 11678 7811 5682 9503 9542 8563 6520 6189 12144 10674 7318 5731 13099 7649 5520 5552 6420 12220 6895 8914 11102 9697 9521 10727 9959 10239 9698 9674 9964 12687 11224 9814 11641 12091 10345 11100 5090 7067 11551 12240 7604 12850 10903 11312 9079 7925 5207 8125 6456 9906 10025 9006 12797 5778 12843 9247 11507 12031 6829 11753 12100 6694 6651 11979 10646 8848 11520 9272 7793 12949 6961 12784 5367 6230 12658 12708 7322 7661 5602 9851 6126 11756 10865 10377 9165 9019 7124 12322 11737 11765 12533 10953 8024 12897 10836 11764 6624 10402 5779 6655 9121 9528 5538 6950 8821 6273 9768 10059 9951 12363 5100 5696 6063 7900 5371 12822 9834 11964 7421 9796 9260 6258 9022 9466 8674 10327 8530 12727 12026 10621 5729 11830 12527 10083 11713 11710 11637 10753 13212 5940 11430 7468 8996 5209 8839 5581 5087 8065 12550 9677 9703 6336 10899 7983 5366 5438 7084 12757 13316 8083 7269 10803 11021 11146 5942 10306 5145 7786 8079 6888 13008 9099 12158 11803 12343 6769 7807 8428 8089 5674 8969 8865 9227 6753 9320 8565 6827 5685 5711 10184 8557 8577 8318 11443 11622 11492 7137 7980 8313 8071 5339 11552 10692 6374 12200 11236 9900 11316 10846 9282 11435 8338 7724 12631 6789 6591 8551 9546 10364 12222 12285 10577 12234 8569 12217 13122 7824 13035 12477 8247 7422 9171 12461 5673 8688 11067 10672 5719 8165 5173 5112 12956 7972 7336 12910 8225 5186 5802 9673 6945 8069 7863 12992 12960 5193 12745 8885 8904 7846 5398 6025 6339 9021 9805 11225 8692 6547 12101 8516 9334 10913 7399 153668 10925 7521 12816 9839 9999 5879 6685 8514 11480 13341 13023 8001 7019 5781 5821 6664 7235 12423 13062 5449 5253 8458 8871 11333 10336 13225 12714 13271 7887 8431 10001 9882 10451 6824 6822 13032 13150 8956 6687 12554 11937 6716 12759 9491 10761 9369 11356 6689 12598 13310 8210 8256 7539 11921 6111 5998 12597 9251 8621 8392 6780 7011 5762 5177 10595 9818 10891 10536 5950 10528 12245 10286 9954 11103 11840 11011 11458 10508 13237 6237 11545 12600 7369 5231 12953 5614 5681 7241 11141 9156 13104 6757 12615 13017 8037 13025 5732 8549 6160 9562 10756 6848 10530 12408 12766 5440 13105 5384 7984 7976 12821 11854 7248 8479 5583 5424 12609 10314 13220 11821 11738 6595 10355 10141 5956 12054 5805 11263 10525 10150 5918 8719 8771 8667 9680 10392 12399 6045 8792 8502 6046 10787 6144 7653 6869 8939 8052 13266 10360 9621 11463 10603 6674 12523 13230 10677 10120 9114 7568 5219 12312 10435 6154 9960 9736 11872 9595 9497 13332 13324 11878 11849 11278 9657 5829 9060 8968 8092 8554 10613 7711 8840 11948 6470 12232 13242 11654 11923 6907 7579 6227 8731 12010 9981 5833 8117 6999 10551 9224 12551 11441 13294 9847 13299 8702 6338 10806 9758 12096 13264 9540 10143 9683 10671 11151 10441 8185 12418 8938 7810 12524 12584 10880 10987 12576 7480 5835 12608 12613 7129 8465 12980 5689 12362 11482 8780 7634 7013 8268 153640 7452 7283 8827 6740 8033 5701 8113 7932 5390 5563 11418 9248 9067 6340 6501 10233 6192 12815 7127 7484 9194 9575 6372 13247 12749 7420 6784 13321 9536 9717 10055 9753 7844 6145 11323 9728 5315 7227 8220 7918 8965 7611 9919 12210 10335 9559 8561 8537 11171 8623 10391 11404 8552 7179 12746 8438 13129 11226 11288 5789 10946 9630 11357 8666 12648 9198 11324 9877 10163 10916 10042 6231 6980 13043 6793 6175 7087 10499 10365 9290 153666 5234 8654 11311 11966 5780 7571 5595 6890 7598 8370 11437 11170 8576 8367 7278 9097 11922 8580 9478 6903 9177 5752 10220 5541 7335 13172 7564 12438 12484 7630 8515 12323 13111 6235 11572 6459 11779 12680 9519 10249 9711 10023 11234 11749 12432 6690 6967 5636 6275 12014 10719 10794 9005 9596 5827 6589 10748 7669 8496 7016 11976 11702 12009 12237 8826 11691 8548 6031 5576 12764 7892 12126 9995 10497 5907 9109 5078 9256 11476 10473 9949 6704 5709 9530 10950 9515 12566 5819 9681 10234 11579 11223 6388 10026 11790 11328 12262 10996 9696 11897 10638 9118 11746 12582 7620 6818 6767 8729 5948 5445 6982 7507 6659 8352 12005 6172 13034 13232 12059 11429 6600 9075 6952 12914 7243 7173 6654 6770 5305 12697 11954 10471 7228 8300 8060 7033 11554 13327 9090 12946 8981 8390 9411 10242 11439 11178 11408 5194 9560 11949 10020 10041 7170 8700 9553 8095 5334 8953 13048 5784 7159 6864 7805 6933 7592 8801 5515 7758 8096 8605 6215 8194 12834 9792 10028 11613 6124 11699 7607 5171 5637 10092 11863 12990 7519 10608 12792 5198 5472 7265 12202 10332 11251 6330 12985 11022 12750 7504 11457 6337 6321 11211 5818 13140 12902 11302 10009 9422 12547 6317 9030 9080 7679 10890 5791 10907 10165 8017 6701 7903 6139 11525 5855 10824 8632 6622 9985 6357 12937 5727 6736 12239 9712 9742 5798 7350 8219 11530 6839 10679 10036 12581 9724 11098 7518 8171 13233 10296 6376 7751 6896 5968 9147 6208 6535 7616 7043 13131 5928 10690 9465 9794 11466 5116 153656 8365 6023 12160 10957 13167 9010 10061 6618 11533 10560 9598 9648 10270 6272 10795 12248 6583 8898 9253 12525 11640 8739 10043 5523 6099 10144 10998 5215 8394 5983 5096 5199 12854 9864 9921 10652 9788 11229 12498 5864 12903 8591 12052 11758 10832 9293 6925 7223 13029 10829 9907 6365 11668 5526 13132 7602 7595 8383 7085 7776 8800 10664 11414 6415 11995 6380 10663 5575 11381 8767 6087 5473 6323 13297 10222 7038 12958 12621 6698 6384 6439 13275 10768 5947 11474 6348 6433 8351 7091 9971 11813 5240 7742 8032 7387 11459 9635 10038 10737 10017 8718 7303 7284 13339 10159 13320 9311 9599 9873 10538 12535 9526 5232 8456 8648 6511 8633 7716 8277 5847 10168 8790 12154 11241 10206 11222 11196 11820 8813 10782 13204 10465 6134 9707 9897 12173 12590 5619 12779 6695 9364 9387 9578 10408 8531 6867 6397 8560 11109 7882 9014 5255 5258 8931 5670 11828 10260 7445 13058 8959 13009 7234 6278 9544 11660 10066 11684 9744 10262 11465 6857 12827 12895 9039 12548 5213 7291 12543 12836 5810 7061 12149 11078 9904 11364 12928 7622 5226 10590 7103 5612 6370 7111 7586 5088 6808 12729 11928 11682 11963 7975 5442 7077 11401 8539 13304 11806 6108 11221 13224 10973 11500 7953 7396 9188 9716 10281 12051 11780 12512 10869 7449 9220 6938 8103 8205 11339 11521 11688 12148 12020 5750 8130 5931 6696 9853 9687 9993 9722 9089 7302 8101 6846 5263 10931 6260 5589 6164 10374 9972 9741 10256 5999 9820 9943 8418 8891 12474 5466 7408 8452 5573 10266 7415 9229 6304 11233 10720 13109 12716 5571 8204 9056 9597 12043 6441 12848 8305 7927 13213 11643 11930 10682 13147 10111 10070 5174 7274 9024 9043 8971 5962 6416 11646 153650 12335 8416 7936 8916 8528 8567 10274 12944 12880 11763 10809 5671 8768 6414 7862 7163 9128 11686 6335 5982 12672 10758 7425 10698 6927 12851 7194 11127 12379 6837 12055 12084 9169 10910 8854 7804 6500 9965 8494 5184 8672 10264 11629 6599 8841 8068 11799 8186 5329 9007 11469 6093 6064 9102 9314 7734 6854 10472 6518 12682 7718 7083 12206 10292 10489 13127 6906 7642 10685 9976 8466 13250 5852 9221 7859 8343 6386 6271 8043 5411 12108 12287 8710 6048 11672 11524 11539 9160 7366 11719 11952 7226 7211 6615 12502 12575 7429 7459 9996 11664 10815 8944 8137 6457 10407 9947 10129 6668 7512 7561 6463 10448 8786 8737 9047 7193 5684 6795 13301 5644 8613 10495 9813 8742 7827 11669 10585 6673 11214 8644 9113 7156 7799 8406 10454 7015 7056 6005 10189 12163 5375 10967 9669 8858 7997 8150 12703 5377 7755 7059 11892 7080 8641 8754 9798 11461 8076 10660 7349 5965 5949 10700 9829 11488 9373 6399 7929 8111 5383 7817 9206 9455 8948 8015 13125 8614 9316 12707 12984 13098 6180 6424 11700 8341 13128 5825 12137 12046 6417 11124 6490 11370 9374 8396 6714 5197 5201 13345 10113 7416 9287 7309 10040 6138 5374 5995 11228 12721 9176 10468 10478 9310 9071 7348 8014 5603 5733 12192 12537 10223 10467 8454 6296 11157 13340 13211 9714 9791 11327 10934 9390 8872 7704 8991 8589 8314 6954 10945 10088 9777 13253 5369 6267 12227 10739 10109 9667 12879 12577 9181 7855 5157 11416 9410 12951 12487 10427 9322 12664 11887 11536 5946 9348 10393 11566 6382 10453 10119 11257 12072 6263 9626 12988 8178 7495 8374 5872 9658 12000 10404 9920 6435 7867 12440 12320 11823 10766 9740 9661 5939 6748 12061 10204 6482 10304 11490 11074 8520 8730 12134 9987 11573 9970 6425 10594 11555 13123 12929 5242 8495 7803 13106 8966 8469 8108 7944 7295 6921 5903 11877 7014 5501 11549 5502 8775 6311 10943 8765 7273 8975 12923 5326 7346 10835 7710 10805 10174 11885 11399 5108 8933 9685 9409 6959 13158 6871 5957 5162 7671 12875 8075 5093 5722 8735 7201 12868 7453 11047 9830 11944 12209 9625 12190 12493 5419 13092 12818 7763 6225 7220 9292 11172 5716 10527 8527 12564 11748 11809 9782 9453 11183 6367 10494 9651 13265 6752 5963 9400 9953 6203 7878 5857 7279 9277 9916 12559 11881 12948 6013 6411 11004 11165 13306 5279 7123 7492 8175 12155 10604 10751 11516 9894 11687 9568 6953 10063 11366 9231 12599 12652 7287 8417 10122 11661 8640 10898 13001 7499 12476 11778 11770 6257 11137 10180 6636 11736 9342 10245 11176 6887 9458 8660 10081 5795 7215 7230 5476 5799 13168 7690 6077 9028 7741 5631 6083 11485 5378 5462 12307 9804 9756 6586 9929 6460 12067 6781 12290 9020 9426 10108 7308 7764 5981 9842 13148 12124 11603 12699 13331 6409 13298 10362 9807 11725 10873 9002 8819 6097 10693 10342 6631 12122 9278 11168 7257 8477 5187 8081 8063 8964 7319 10762 10045 6735 8445 7933 8010 8747 7889 7117 10600 5914 10130 9629 5299 5641 5768 7081 9979 6477 5649 5430 5137 9018 10462 8426 9848 10954 10229 10743 6362 9480 10369 7897 7412 9998 5229 7161 12552 7636 7031 8402 5463 12770 13152 12614 5474 7008 11473 9349 8048 8347 7126 7367 12666 7520 7957 5273 6810 12780 9856 10861 6580 12344 6609 13231 12150 10736 10072 11929 12754 5839 12392 11561 13113 5620 7683 5954 5979 8985 5777 6065 6238 5544 10466 12499 11050 11350 7143 6989 9585 7280 13057 13267 11620 11237 11625 10614 11689 11648 6635 12071 6684 10623 7435 9643 10344 7977 8358 7712 8295 7970 7696 12636 12439 10384 11104 8571 10008 10722 12153 10019 8327 10293 10883 6079 5668 11448 11112 9776 11411 6886 9135 11035 12656 12453 6001 5338 11727 6022 7406 12295 9938 10726 9926 10746 11433 11290 10176 11853 10140 10167 11978 12002 6612 6614 7617 13040 12823 8606 6465 11531 11150 8529 11387 10397 10799 12607 13194 7254 12829 8170 7294 9137 12718 5167 10542 9713 9182 9514 11638 11159 6937 7597 8441 8072 8755 12650 5175 12331 10607 9759 11956 6544 7356 9793 5803 5861 11043 12368 12006 6002 9517 9132 10273 11847 9868 6489 10171 12627 11343 11286 11655 5540 5506 8423 6522 6058 8248 8393 8708 12679 8665 5648 12775 9226 5276 6667 10510 11786 10477 8958 7966 12977 11493 6573 7871 10208 10784 7693 6090 6632 9446 8859 8748 12275 6542 10065 10655 6476 10573 9903 10483 13186 11905 5485 6840 7840 8579 12674 6486 6626 9304 7001 5769 7344 12975 7881 5622 7767 6645 12571 6377 11775 6256 9107 9541 5410 153636 10487 10486 12288 9434 6294 11129 11527 9332 7759 8884 5433 11274 9233 9934 6979 5662 9360 7603 7778 5385 7113 5166 8803 12659 10875 7442 9094 5901 9110 10979 9210 10073 6333 8155 9518 8450 12859 13060 8157 5826 13333 5863 11816 12482 13329 8235 7998 6481 9784 11300 6493 5254 8066 6032 8833 10338 5994 10866 11827 12465 5814 11701 13112 8436 7359 9048 7483 11489 8603 5542 6363 11685 12327 6782 12383 8355 6960 10378 12989 5699 7256 12871 5484 8177 11900 12978 10576 11003 12050 7860 8316 7836 10841 9627 13065 9001 8121 6650 8182 7541 12356 6507 12303 13027 5680 8109 8287 7956 6276 13115 13061 12796 6811 11281 12105 6988 7413 8521 10082 10937 11075 12159 12337 6805 12480 9398 13251 11534 5324 10593 12053 10568 7260 5161 12176 12143 12259 5152 9344 13246 11861 12698 11918 11071 10912 10097 7466 10210 5922 10817 9218 11481 6092 7155 9133 9634 12329 5741 10482 9743 9367 6104 8106 12892 5244 5290 7145 7873 8118 13045 12306 12578 5764 13015 12326 6572 6678 5555 12328 12702 10044 10561 11931 10348 12430 11368 11671 10450 8007 6731 12219 11305 9795 10874 6868 5298 12898 9283 7487 10231 11269 8267 11595 5628 5553 6078 8706 7736 5757 7064 8611 10084 12778 10431 12595 11810 13291 12057 11395 5487 10624 13315 10064 8250 6981 7790 11825 9878 6787 10592 6529 8877 7612 12765 7928 9785 11578 6444 6985 5751 7204 9269 6292 8928 12735 12319 5417 7708 13000 5834 11890 10271 10252 8500 5519 11060 11230 11217 10496 12732 7535 12539 7378 7375 9215 13082 6683 7891 7099 5694 8732 6082 9319 8882 5287 10601 5572 12201 6030 6405 11409 11519 5274 7794 13026 5756 12662 12486 8344 12858 5960 9245 6973 8778 8669 11417 11560 7478 5877 10673 11310 12174 11868 8296 12427 7688 8646 8140 13190 10101 5130 8169 6894 8799 9358 9523 9467 9588 6383 11208 10005 6726 6750 7202 12450 12097 12965 11322 6653 6562 8340 9294 7454 7591 5669 13124 11855 10319 11389 5580 12683 10547 10050 9581 10763 6322 12596 12433 13196 9088 5678 5357 9379 7331 7746 11896 6604 6429 6661 11789 6549 5190 10179 9163 11596 9357 10285 10645 11721 11582 11882 7479 12426 9086 6252 10115 11205 9427 11054 10305 13255 6004 12655 5397 12591 5831 8045 5623 10154 5471 11136 9869 6000 11063 6096 5492 5868 11989 9675 7398 8940 8893 5568 7146 7791 12927 12762 11478 9312 5806 11303 12685 11899 10112 9139 9142 7481 7149 7172 8168 11184 5888 8522 6246 11815 10350 5588 7795 6381 12538 10389 11209 6200 11708 6934 9470 5353 7744 6137 10725 9488 6916 12681 8862 5508 8073 13338 13181 7225 8412 7777 13162 5616 8788 11695 9611 10928 8757 13138 5439 13268 7427 5869 10619 5534 5528 5389 6943 8875 12644 5665 6406 11249 9726 12223 8787 8067 7458 5712 5121 13177 5679 7808 11111 11309 7384 5141 9623 10010 9690 12183 8650 9042 7342 11884 10201 12228 12276 6719 13110 7800 8918 7914 6133 7100 7334 13192 9550 9481 7383 10808 9050 7264 13012 7361 8236 9610 8937 8306 6815 13156 9058 5908 10346 12254 11032 13103 13164 5973 9473 10993 11479 8574 10554 12115 6723 7009 6598 12256 8713 9104 7496 12629 5813 13254 6161 10529 9415 11012 5509 8836 13228 13216 12605 7576 8942 6841 12079 11852 13022 6644 6897 6975 11372 7797 8448 8386 6892 7694 11996 9083 11605 7116 8046 7849 8090 12862 12841 6393 6629 8681 7689 5416 7834 9259 11371 6531 12904 8689 5180 7181 7645 7267 6392 10620 8070 5661 8020 8040 7626 7945 8978 6883 11394 8987 10488 11731 11730 12168 7510 7141 8086 11580 7619 5477 11420 9143 9127 7912 10887 11744 11732 7003 12300 7341 12888 8021 7251 8196 10745 11173 11945 12187 7240 8983 10445 6510 13292 10124 8951 7164 5278 7774 6102 11116 10121 13197 11276 6419 6216 5080 6826 12733 9345 10572 10959 11135 5739 11967 6299 7680 6905 7373 5455 12347 12986 8917 8675 5655 11523 9362 12500 11916 6366 6014 9366 6816 5846 9905 10699 11864 12519 10187 6040 5615 10318 12092 6568 9044 11972 13261 10963 10918 8624 6514 6122 7299 9331 8830 6201 11425 6458 5387 5153 7549 8110 7870 6125 8183 7121 13288 5521 9353 8568 11704 11089 12114 11018 13146 8857 8741 12121 8536 12044 10396 9879 10521 12863 8284 11865 11910 5859 5892 8051 8984 5272 10718 11570 10169 12172 10759 12401 9195 7720 8159 9652 10212 10581 6606 10152 12973 5356 10942 9663 12586 7191 5800 10283 8625 8766 8453 9447 11800 11115 11014 13287 12342 9639 12147 8387 9600 7469 6578 10786 11876 10750 11835 12456 9844 10135 5331 8237 8750 5562 5409 9980 11575 10379 11279 11614 9956 11297 10705 7638 11347 10053 12152 10986 9573 11889 5448 6155 13286 10013 6291 7865 6450 6268 9806 8503 11585 12630 7154 7747 6307 11588 13283 6469 12844 8213 9017 7745 6647 12001 9375 9187 5951 9242 9737 11292 12277 6402 8098 5127 8002 12972 10523 10981 11919 13302 6318 10775 13249 10540 11879 12325 5140 12280 6633 7621 6190 10102 8540 7948 10099 11362 8026 6166 5092 9183 9582 12852 6084 5139 8184 9108 8685 9910 7552 7547 8053 6990 5971 11010 8564 13245 6713 11961 11553 10294 5265 5596 10340 10684 11041 10132 13145 6148 8526 10356 12767 5084 7842 11256 9824 5584 6505 11795 12131 5548 12393 6563 11807 11131 11607 10217 9174 12083 5475 6228 6776 8363 12348 7530 7197 8704 12130 6140 5710 11537 10131 13226 9942 9301 7162 5693 5967 7053 13076 7888 8831 9668 11939 5970 7068 7792 6884 11942 10052 11017 8597 13317 5771 13270 5932 12098 10823 7815 5236 10484 11902 9439 10339 12128 8216 10173 11438 8818 11547 6790 7987 7606 7276 8188 7246 9962 10090 8913 13289 10900 7456 8187 9686 6086 12078 11985 5147 7628 10410 12544 12196 12315 11260 10691 7188 10520 11915 12197 6506 12260 8533 11200 6259 9186 5985 8874 7402 6922 9802 11464 10412 5117 10820 9266 9416 11676 10941 6862 5454 9315 7403 9755 11007 7909 8935 7175 5785 12157 6050 7270 5715 7771 11504 10118 12416 6931 11832 13272 12104 6710 7030 5585 10991 10558 8789 8733 10134 5195 5224 9433 5083 11247 5545 8587 8950 8119 7075 8686 6197 9456 9211 8934 5489 9762 8542 6576 6060 10856 9800 7352 7401 8315 8760 10091 6802 11198 11568 5415 7088 5159 5309 11413 6929 5292 10485 10501 11185 10415 6496 8156 12913 13063 12967 11511 10665 5428 8142 12070 5804 12781 5289 13054 7801 5168 9212 9098 9158 7305 9779 12116 11001 11836 11819 8331 7990 7138 8385 9567 10037 7271 8834 9775 12112 11338 10076 11612 8808 13180 11024 10863 11367 5642 11843 13169 9095 5874 7924 5755 11345 6286 11259 12429 8404 7922 12390 11467 10033 9631 9551 6637 10209 9948 10982 10133 6446 12998 7943 8936 9592 9647 11086 8264 8785 11419 11190 10591 8366 8847 9533 9237 7991 8794 8419 8342 5517 7007 8446 8285 7513 7057 8107 7446 12289 8664 9261 12819 5734 7049 7802 5355 6387 6438 11079 9939 12102 13207 11692 9274 5672 9015 9045 6057 11215 12129 6803 11717 5103 5677 5824 5479 12352 12711 7482 5788 7372 7314 8651 8120 13013 7405 5754 5654 5510 9845 7978 8349 12022 6872 12309 6279 8201 8980 7313 10975 11675 10539 9193 13165 8368 11308 12640 12381 7981 8627 7381 13187 9432 9474 5987 7780 8050 5912 8636 6720 8274 12412 5809 8254 5418 6247 10960 6648 7639 10481 9850 13259 12398 5470 12025 8722 5104 13069 5228 8146 5245 11981 9808 10248 11532 11681 8508 12370 7735 8319 8607 12952 6412 8738 8952 7880 7460 8947 12385 9917 12349 5775 8391 13004 11056 12444 8135 5586 9819 8902 5692 11913 11859 6373 11712 13322 9492 9730 12791 12531 11943 10703 12612 10309 10018 8596 7816 13020 8994 11114 5992 6325 11454 10383 5170 11856 10416 6378 12602 6969 12425 153658 11161 9511 6991 7709 5820 5790 13005 12842 8866 7685 8009 11471 9431 7784 8903 12095 11666 6755 5321 7500 6850 8397 8249 11526 10103 10628 10744 12906 9940 12180 10320 12620 12573 12567 9023 8684 13028 6717 10170 10193 9149 7357 9500 11284 6619 6009 7782 8038 5594 6996 12541 11477 10238 8609 13309 13114 10351 11755 10139 5882 10048 11512 8501 9350 11484 9477 9901 10054 5793 12890 7553 11130 11313 9157 9087 7809 10749 12181 9961 12394 9520 6546 7729 12840 8034 5529 5952 10772 8573 7347 12712 10830 11452 8825 10791 7328 10956 13276 9822 10559 12058 11651 8555 5403 7259 7247 9769 5451 11957 11447 5507 8622 12164 9889 11980 11914 5370 8869 9827 12214 6173 8054 11982 11801 11174 7330 9780 12509 12463 11842 5865 11055 12686 8239 6807 9267 6053 7136 8843 9757 11618 11207 10198 7424 9072 8756 7411 7221 8467 9385 6309 8714 12086 12494 6136 12333 11307 12085 12040 12270 11788 6051 11517 5807 8222 7148 7691 6940 11152 10713 10452 11508 12431 5425 5941 8783 9213 9911 7526 13093 6968 8373 6997 6842 10322 11134 7732 6320 9199 12411 12920 6879 13130 12970 5368 6127 12768 8425 5503 8275 5990 10021 11965 5158 8849 10801 8025 8505 13295 12263 6524 8963 7590 12921 5354 7300 10307 10796 11462 8842 6168 8925 5639 10831 11434 11468 11379 7853 12075 10622 12835 5196 6288 11294 10200 10598 9855 6502 11888 8242 5627 13342 13221 10315 9752 10075 8403 7635 7982 12760 6744 6018 5560 10420 8694 8619 10324 8411 12462 9923 11163 10106 13191 11148 5886 5277 8128 8889 9011 10696 6249 10562 6571 6106 9545 10153 5134 5348 12294 10323 8878 7216 11723 10051 12243 6474 10371 12345 6163 12244 10535 11587 9638 11794 9803 9152 6676 8726 6210 6461 10661 10455 10633 12355 8139 7307 8943 13154 5556 10203 8745 8197 8077 7006 7942 7796 8759 6041 11652 6147 7065 6371 9389 11287 8634 9815 8593 12340 6876 7847 10236 10734 7131 7594 5296 12884 7560 7652 5347 9240 7772 11451 12555 6727 10428 6451 6250 11556 9073 5832 11973 6454 6116 7186 12947 7542 7451 10058 11359 10215 5564 8371 6261 6610 10632 11405 11334 12281 7317 6165 7128 7973 10695 7071 8309 5311 9321 12561 11518 5270 8977 6737 10145 11201 10760 5850 12908 13182 11428 8724 8493 8427 13007 10405 8302 13139 5143 6344 7614 11142 10627 9632 5860 9441 8310 7582 7920 6152 11538 9636 6034 8333 7850 12472 10532 12696 5126 10178 5991 10962 10939 11423 11138 10098 6297 10226 10940 9222 7814 7364 9435 11091 13086 7723 6889 7144 5406 13326 12993 6107 9317 5593 6791 12752 8525 7600 7558 8973 12803 5148 6976 8409 11058 7329 5308 6109 5845 5539 8881 12278 11768 5358 8253 12110 6431 7643 7773 6017 12692 11156 6625 6151 9318 11741 12109 8471 5558 8334 9234 10730 11745 6011 6557 6437 10279 10250 8115 6836 13072 12878 11460 12274 11645 12403 5927 13248 12250 10333 13279 12813 5546 5984 6222 11158 11838 6422 7537 6814 6958 6855 9175 10308 7525 7567 8356 9279 7404 13133 7473 7610 9408 5432 12959 5890 11081 13307 5876 9202 9031 5906 9645 9604 11336 6174 11577 12508 10930 5783 8897 10243 11242 6551 11213 12293 11318 7050 8961 7315 9615 9450 8734 7615 7926 10882 9228 9699 5989 5617 6582 5574 5609 6928 7021 5259 12945 8199 8900 6939 8962 8484 7737 7823 5434 7214 13003 13037 6657 6891 7036 7854 8389 12933 7955 13314 9324 6485 11326 11990 11959 11924 10417 9285 9509 10845 11301 12007 6036 8691 12266 11501 5401 10641 6556 6026 11016 7699 7101 7312 9840 10224 9656 7374 12417 11069 10316 5913 10031 5897 10311 10658 9933 6314 11497 6819 13096 5786 7698 5342 5426 9275 11693 9566 10310 11934 10046 10711 9232 5935 10617 5227 5381 9271 9124 12171 13281 12068 6019 6574 7841 12225 11766 7572 13195 12409 5211 8443 6003 6298 5129 6123 10434 5491 9660 5997 9336 7739 6977 8085 7921 9861 13031 12056 10107 5896 10015 9093 5700 5867 6658 6821 11030 12638 12601 8655 13260 7024 9236 9561 7979 12082 10275 8172 8599 5306 153662 5570 10251 6244 6817 12127 8459 7624 6006 7039 5638 13041 12645 9865 10470 11502 10337 6264 9580 12048 12358 12748 12737 8230 8954 5151 9117 5980 9862 7868 7327 5512 7206 13038 12987 9284 9197 11066 10852 10785 10666 12678 9151 9116 5246 5304 7213 7930 7385 7766 8986 6254 12912 7919 8212 8218 5144 5379 5247 7719 7436 11938 11634 5718 7545 10175 10814 11781 12490 11880 5407 8206 8442 7182 8905 7073 8764 10446 10792 10587 12407 10213 10506 9828 10004 11797 11272 11649 10185 5579 8728 9069 9493 11332 12039 5525 6141 9547 6620 12828 8191 5376 5223 5695 8861 6074 12066 10282 9394 6466 11970 11212 13151 6756 12820 8112 10104 5915 8415 6239 11475 10228 9751 10662 12955 12588 13334 11726 13006 11045 10843 10771 9445 12961 7490 11082 12236 11008 11705 10127 10988 11947 11724 12789 12557 12286 9396 8626 12120 6649 13014 7491 7728 12647 8642 9513 10599 9505 10920 11941 5945 6946 5744 7866 8357 10394 10188 12246 10116 12185 10868 8190 5086 7199 13088 11593 153646 10341 11933 12330 12446 9105 10790 6281 12125 10965 7531 6669 6693 5533 13318 10426 7277 8207 12060 11105 6012 5656 9552 11707 12604 9571 10359 10406 11166 7311 12968 7899 7045 8463 9190 5871 6592 12371 9556 7781 8244 8080 5745 7475 5178 13033 8203 5909 9173 9469 8910 7516 12845 5557 6560 11355 10160 10827 9507 9462 5934 10418 10192 11883 6196 11597 10196 9549 8698 8534 8703 9184 10849 5840 5107 8339 6277 10924 7665 11106 10842 9826 6472 8550 9479 10479 6150 9265 7417 9414 6075 9327 10259 10186 11874 6641 5640 7044 5961 5894 6602 9607 9140 9343 6616 10218 10635 8774 11119 9430 11238 12694 12103 10237 9618 10240 12376 12964 12743 5281 5776 12321 6354 6331 8602 11455 10069 10904 10449 13229 6567 9786 12513 9555 11594 8381 5284 8972 8359 9576 9208 7798 9705 11006 6553 6930 8143 5664 7069 6741 12804 9025 6428 12747 7831 12966 5352 12016 9359 12226 11623 10278 5774 11802 12247 6179 5587 10298 11683 11369 11565 10649 5812 8153 12783 12724 9694 6149 10683 7380 8989 5726 5760 8538 6187 7958 6312 9522 7879 6533 12258 11962 11108 5605 10565 12162 8265 6763 11851 9982 11186 6421 10626 8273 10514 9760 6550 8615 13141 12454 5969 5944 9246 9977 11784 6703 6158 12012 9709 5911 11793 11542 6220 5610 7147 13117 7018 7583 7714 8673 8407 8480 8131 11306 9846 8005 8919 8470 7132 5218 8281 10589 13047 8475 5547 8612 5496 12867 10902 6418 5569 8779 10895 6899 10926 12099 5128 8134 11846 10363 5844 7217 13163 6702 11248 6265 8955 7157 5372 8234 7090 5720 153652 9333 11346 6346 11199 12024 11509 12249 12284 12469 12034 5706 7833 8510 7379 6027 13044 9115 9624 10917 7438 10597 13087 8982 7253 7533 10571 10328 9330 11529 11494 11337 5943 7585 8518 7528 7623 7178 5399 10636 11870 9789 11084 12216 12135 5132 6665 10067 6956 6028 5559 9852 9922 10060 12193 10605 10138 9413 10443 7363 5514 10541 12212 5183 8078 12881 5156 12133 11088 5658 7102 7989 7986 8949 7632 5386 5095 12935 11762 6707 8690 9438 5996 7677 9037 7337 9032 6052 6877 7245 11845 6746 6543 6516 12257 10035 8200 11026 8298 13051 12526 9644 11833 9968 11432 12570 12510 10244 10764 9811 12675 12205 6008 5511 6672 12027 7104 9876 12354 13218 11092 13184 6932 11354 11374 9063 8084 7207 12805 10964 10848 11642 11754 9112 12568 6566 8420 6936 6992 7203 11986 7601 8266 9298 7587 6100 11192 9678 10867 13083 6675 12635 12798 8166 12496 10398 12165 10039 11940 6280 9281 12800 5446 12443 11811 9482 12717 9649 8320 8399 7894 6585 9984 5113 5761 7200 12023 11330 10709 5782 12983 7441 9572 6132 6473 9397 10368 6300 6491 9487 6251 10512 11044 9891 12654 8523 7371 8209 12719 12218 6070 7440 10079 10183 5743 12364 10442 10511 11341 10382 13282 7529 5836 6706 9527 8228 8280 6646 12041 9765 9909 13311 9180 6153 6453 12520 11633 9125 13080 10492 10254 10909 10606 9691 11216 6049 5260 6185 11698 10413 9161 10901 11715 13074 7032 7120 9506 9451 5905 8288 7472 5964 7320 9642 13052 7898 6219 11589 6949 7971 9586 8643 11722 8590 11189 6495 9356 10556 6455 11667 11283 8791 13067 7066 12468 12118 10630 11219 8100 5480 6777 6436 11289 10708 9382 11926 10475 5862 10878 9459 6497 9692 12562 13019 10826 12191 12511 6926 8945 12029 10464 5393 6617 6394 12693 10837 11132 11718 7785 7788 8011 11822 9155 10459 153648 12242 7783 5269 10564 12589 11886 7358 11703 10202 12184 8811 8447 12723 12455 5478 5380 10156 11716 9059 9718 5770 5431 11472 10014 5422 5392 7609 6326 9329 10779 10710 9893 9700 9925 9688 11239 13257 7765 7826 7789 8483 5801 6206 11392 5275 7949 12503 12479 6712 11831 10642 12873 7142 7107 8003 8490 8360 7875 5467 10126 12253 8354 8519 6157 6341 8556 7829 8777 9355 11380 6056 11400 9774 11898 10444 6823 12938 7725 7119 8880 13100 10983 9419 6193 7423 7185 13066 7993 8992 6047 8661 8449 12138 12036 6584 5736 9902 11977 6117 12545 5830 12626 9134 6069 11446 12488 5499 11583 10732 11393 9424 11829 8588 12684 9166 11436 8039 8993 8192 8123 7557 6360 10016 13199 10896 11321 7757 9392 10797 6113 5597 7508 8509 8004 9381 11564 8639 12642 12918 12464 11761 11808 10531 6182 11052 11894 8270 11315 9609 9036 10919 5974 5870 13059 7548 12405 8361 6858 5464 8091 5241 7494 8102 13030 13077 13126 6121 11061 11757 11975 12332 12771 7515 8670 9189 8907 5923 11783 6666 8158 12901 10149 10833 8682 10798 8837 7837 7135 8693 10432 7589 7996 5435 5361 7672 10429 9383 5266 8793 8044 5653 12999 7365 12787 7705 5111 6764 8434 7368 11911 10436 12730 8926 10147 9352 9205 12292 11202 9307 11385 11958 10419 9289 9029 9912 7354 10860 6680 12874 7238 5505 12853 5725 9052 8638 12387 10602 10625 12560 7543 7339 5837 7218 13071 9111 10570 12268 6241 12384 6142 9305 8736 10287 6541 13116 11410 8835 7593 6751 12377 11824 12769 9746 9817 7323 9091 8746 8227 7114 7042 7818 6564 8594 6091 6389 11424 6356 9376 11586 9476 11360 11804 12991 13323 9787 11028 9219 6508 5663 6970 12475 12207 9554 9565 9883 9499 10024 12661 8049 7848 7074 5660 9946 11908 9512 7160 8271 8998 8776 11037 13303 6443 11331 11204 12459 12414 11903 5842 12994 7093 6691 8679 10211 6020 11662 12521 7109 7681 12777 11812 6464 11267 7255 12314 5866 6282 11349 9535 10694 6538 7112 8211 7418 11734 11999 11210 9570 6860 8440 8604 13293 12224 8401 7657 5169 8474 153654 11118 11154 8414 8233 7027 7740 8152 9339 6195 8784 8970 10680 10343 10893 7489 7261 12639 10550 12199 13205 12713 9966 5910 9092 12391 6828 8583 8424 8592 10128 10584 12925 7301 9280 5205 8326 7389 6024 7874 7222 8261 6103 6442 6577 5482 11206 6512 9937 9659 12883 11873 8657 5114 8241 8828 8844 9196 6642 11113 12008 12832 8202 10463 10460 11785 10923 8824 8405 8138 10707 5328 11776 13234 9872 7995 8802 6226 7959 5887 9532 11019 6167 11601 6638 10094 11378 11440 12203 9988 9628 6918 6915 6010 5243 10611 11548 8317 5089 9325 12846 7625 7462 13222 12117 5723 5318 12369 12123 9538 6471 12413 10870 9130 12136 13328 12481 12633 11773 10519 12651 6708 7249 5919 6403 5543 7701 5613 5624 9368 11951 7082 7506 7963 7540 7902 11268 10272 8214 5316 7644 12625 12175 10077 5738 9034 9076 10818 5429 5459 10002 8864 9286 9767 10871 12305 8923 7700 7474 13206 11599 10579 9859 8701 6947 6885 7060 5686 10857 9888 11729 10498 8671 9264 8709 9033 7839 9123 12011 9504 9153 12142 10301 10089 9745 7692 12865 6663 12445 11087 12113 5212 8000 11110 5400 13137 10300 13258 10971 5816 10361 12074 8570 5604 12931 8663 10970 10747 6245 12021 6847 5796 8221 7730 7034 5481 8279 7575 12751 12741 12894 13198 12534 6983 5549 7165 5531 7167 10148 11499 10430 6994 12808 7756 10810 12166 12790 12773 12772 13149 5250 7020 5106 5200 9950 10438 10387 10976 12553 10080 8258 5413 6351 5405 12877 5938 7960 7168 8976 10263 9781 10828 7465 9309 6310 11456 11270 5337 12587 7407 10687 10997 10629 13243 11805 5730 12782 12900 8806 9418 7360 7969 8262 6964 13185 6935 11984 13273 11817 13256 9591 5878 12722 12909 7559 5256 6739 5772 6733 12169 11005 12317 8082 6223 11180 8460 8485 7184 7023 8129 7546 8545 10268 8504 7464 7004 8979 12785 12869 11769 13056 8822 7660 11427 10375 10668 8770 9670 11837 5495 8161 7097 6355 6861 6893 9969 9927 11569 8653 11421 6445 12252 8364 8628 8019 8353 9223 8618 8329 6205 12360 6788 10609 11751 6042 5192 13143 8781 6423 12035 9833 10723 9106 9461 12530 8676 10712 12563 6809 7152 7703 8812 9502 10280 9051 8330 5142 8432 10225 13183 11644 7166 5125 6315 9496 12641 10821 7658 5629 7534 12976 12624 9866 6448 9361 11013 10162 9347 12839 7896 5976 12583 7503 5340 12810 5691 12351 12738 8289 10232 5453 8398 7028 7965 5590 10992 6798 9895 12688 7570 8018 12734 9646 9974 9773 5873 9764 11453 12087 9405 8630 12969 6800 12917 6536 11576 9738 11503 7675 5713 13108 9077 12279 10469 6998 6794 12549 9082 7055 11955 11123 10289 6345 8815 12111 7340 6849 5853 6682 12373 12793 10922 9074 13144 12478 6581 12580 11960 11388 11167 6627 6825 5172 7988 8006 8322 6114 8057 7108 5633 8462 11739 11604 12297 6797 10439 11375 6043 5154 7106 5319 8658 11175 11759 10000 6487 11901 8598 7332 7390 8031 5436 10877 10681 8820 6611 11650 5598 12037 11491 9288 6519 7051 7682 9012 5150 8517 6015 6762 5717 5350 5248 7002 11677 8795 7931 8901 7498 6900 13319 5978 10999 10158 9874 11177 11121 9650 9249 9952 11295 13217 8798 8126 6944 5468 7940 7048 8662 6072 6917 10246 8637 5317 5787 9235 12637 11231 6305 10372 5808 9747 11621 12574 11319 11162 10715 10317 10303 8097 7907 5323 12434 7476 5133 7985 5239 9436 10807 6266 6361 8727 8855 9057 10704 12269 11635 13201 7212 6692 13330 12617 9040 6875 10770 8553 6176 9944 6055 7395 12611 8105 10164 5344 5325 8659 13290 9723 9990 12689 9563 8635 13119 11188 7410 6831 6878 8721 8148 6119 10675 11083 5518 8408 5765 11875 8193 5704 11907 9452 9391 9008 8136 12891 8468 6369 8558 11991 10596 13090 12701 7338 13336 7901 9148 8062 11191 12505 7532 12857 11659 12211 12182 11020 7130 6880 6033 8042 8059 6621 6076 7192 8162 8328 10161 10334 9162 10367 6478 11085 12436 6758 8147 8269 12004 7321 7242 7768 12649 9225 9255 6342 9880 6218 11235 8513 8400 13002 7646 8769 6214 9557 8631 5740 7345 8388 12460 10458 10951 8838 12731 12017 11197 11342 6527 11971 10966 8488 5527 6530 13170 12267 6324 5608 5578 6749 8782 8094 13252 12720 12744 9991 6440 5300 9849 12695 9386 6801 12572 7554 5330 8055 12353 9384 9835 6656 6639 5924 8217 12221 10221 8379 8867 12013 5267 11839 9664 10961 12396 9164 5707 8369 6984 12669 12981 8144 7775 7895 7819 5724 5792 6319 12063 12406 11850 11253 13157 5302 8616 11993 10447 8283 8195 5626 6188 11935 10380 10773 10411 7876 8345 8028 5841 12400 7432 12726 5458 13064 5282 5600 5251 8208 8198 6870 6911 7153 11869 12215 5606 7098 6143 6608 10258 8512 5815 5749 6743 9370 11647 12646 7419 13084 8546 10938 9529 5958 7110 7760 8324 11422 12296 6285 7414 5216 9270 10958 10142 9444 8482 8581 11653 9258 12028 8035 6786 7232 6697 5447 6670 5567 8506 8058 7676 12140 10569 6385 9531 12093 12229 11709 12167 10881 6290 6951 10724 5898 9443 9440 9122 7448 11029 9046 5714 6766 7268 6722 5625 12786 8029 7588 12924 5703 10911 9612 11072 5728 5687 10586 10326 12076 12691 5925 7584 6971 8809 11449 5849 12304 12313 6112 8511 13236 6089 10948 8290 12501 12889 5444 7538 5189 7893 8332 5391 12806 5532 8797 7947 6601 9425 11353 12410 10892 7428 12794 12634 10788 12271 12715 7937 12788 10401 5288 6021 9574 10034 7733 5345 6856 7219 7633 12251 9654 11396 9403 6198 8297 9671 13240 12308 9914 10757 9992 9809 9154 6234 5179 13188 10490 5797 7250 7890 12668 6427 10974 9701 11317 11169 10752 11522 11348 9460 12546 12146 10047 9483 8566 12282 7678 9150 9710 5884 6771 8022 8807 10534 5933 10618 11076 10657 6129 6400 11262 9763 8749 5146 7596 5566 5550 10422 11592 12334 6587 11093 5341 8921 9662 12090 5452 11412 9131 9243 11246 7659 7125 12907 10087 12830 5101 10373 9708 11968 12365 11969 11243 9485 7851 12940 5460 10906 9484 9860 5904 10027 6413 6588 10409 10676 9583 10697 12896 5565 8145 8336 5123 9101 5953 8543 10552 8924 5414 10802 6332 8911 7177 9958 11777 12422 8246 5858 10491 6316 12725 12886 8224 5262 10474 9564 9672 13277 7386 7613 6910 5524 12188 12045 12861 7967 5237 10253 10457 8608 9407 9715 11160 9371 9346 10353 6607 10563 13078 13046 5457 7706 7738 12855 7605 12941 5498 8238 6269 9915 12428 10800 9896 10166 9997 5702 7662 153664 12809 7195 12870 12030 5893 5461 5264 6759 6923 5645 8753 8008 7140 8717 9854 9704 10978 11314 9168 7663 6873 11728 10277 11133 10914 9351 5599 6539 6243 10980 8286 8999 7198 7089 11826 8301 7581 10780 153642 7999 8487 8497 6966 8491 9302 10754 10582 6526 5388 7822 13107 8845 8430 13120 5522 10493 12451 9395 8610 6513 5423 13091 9000 6812 11632 6262 10647 10313 10897 13189 9812 12616 11760 10331 10029 10819 6859 5182 5921 12676 10650 13203 9733 13081 7391 9908 10504 6364 11187 11606 7151 7668 5823 12366 12019 5582 6974 5667 12677 11917 8716 10074 9306 9967 12081 8251 8240 7550 7263 7715 11591 12015 10952 11293 6834 9296 7189 7565 5102 7158 13018 10580 10935 12882 8260 10414 6742 8600 9448 7555 5363 12467 6242 12447 7670 11706 6105 8294 8257 5494 11376 11352 6430 6039 7835 12301 11544 5634 5651 11540 9401 11340 9619 10247 10347 10105 9313 8582 8687 9230 10990 11733 6729 7096 11153 9986 7578 8967 6709 8481 7608 11398 7233 7687 7289 10669 9606 5875 7285 6775 5643 6721 12466 7139 6054 8697 6118 6283 9241 8027 7717 7806 12536 10879 12448 13238 10125 8829 10811 9388 5577 7262 9510 10524 10049 9766 11128 5109 8395 5490 5666 12885 7509 6162 6554 9734 10191 5811 6677 6199 8743 11498 10513 10476 13055 5822 11051 13313 10424 9013 8705 6866 5131 6391 8559 9295 7577 12825 5763 8696 6630 11038 12643 7726 8645 9085 11624 9608 9471 12204 5359 5513 6558 9053 8805 8422 13176 12866 10516 10288 9761 12957 11179 9084 11619 10255 10190 13089 5421 12864 6007 5136 12255 6407 10265 13102 6183 6548 10096 10858 5202 10862 11697 9975 11036 10086 9772 10755 10388 6347 9863 10297 9252 9524 5630 6679 9475 11250 11358 5094 5257 5335 5396 7992 8995 9207 10765 11546 12139 11581 11402 6204 13262 8763 5601 6177 6688 8810 5138 11987 9727 9178 10555 10381 10433 12132 6881 8595 11304 11252 5537 5320 5294 5972 11361 9666 7527 6745 5286 6221 10929 10721 8421 9783 10376 6194 7426 9299 7562 8255 7514 8321 8957 5828 10648 8464 7952 5249 7210 12517 11574 8133 6993 7779 9038 6913 7666 8163 13079 11617 10390 7651 5427 8087 9136 5110 10876 11273 6287 9589 12515 11261 12665 9167 6724 10936 10257 6575 9858 6483 9867 8435 5235 8226 8478 8439 8362 6408 6224 6067 12080 6329 11147 8715 8823 11049 9614 9066 5297 8307 5993 12177 9771 5929 10769 11791 11711 13223 10731 9402 11510 11042 5753 5360 12761 13011 13278 10639 13118 12404 6552 9593 6328 7239 6844 13039 9534 9096 11094 10227 6306 6540 9684 10509 12419 11860 6217 8758 7224 7205 7362 11068 10969 5181 5697 11220 5916 10643 9957 6432 11567 8437 7599 7654 9973 5773 10615 10728 11280 9679 6570 5443 12497 6796 11034 6350 5959 5365 6902 6494 7392 13068 9141 5977 8656 9070 10403 10813 10864 5902 12073 10667 7869 5160 8853 11483 9945 13070 12776 8486 6778 12170 10354 8382 6044 9035 12979 5291 5313 10859 8180 12995 8293 6799 8278 5351 8056 7857 8229 5838 9994 6699 6313 9494 10921 9932 11927 6209 8174 12893 11244 6838 6835 5124 8410 6754 13049 5469 6212 11097 10741 7637 7707 10889 8647 5210 13036 13021 13073 12361 12291 6686 7946 5759 8232 5349 12922 12421 12756 5310 12032 9328 6832 5118 8988 12593 11787 12936 7431 6901 8444 11377 10783 10261 10062 11329 5817 10399 8887 6904 9655 8856 9790 10575 7078 6081 7906 7877 8712 9335 10778 8699 8629 9676 8868 6909 5214 7281 5293 6068 9064 6963 8323 8492 12824 7058 7244 12489 12441 11600 10100 11033 11486 11386 10985 5382 5420 12942 12442 6475 6181 8888 7721 7664 12618 7351 8181 10157 11541 7750 10885 12230 8683 6169 10854 5920 7648 6833 7832 5657 6390 6233 13135 9146 11126 12997 12831 7650 11598 6303 10546 7437 12663 10312 8762 7092 5364 12435 10078 11858 8544 11571 11232 6101 6747 5675 8879 9978 6094 9665 9918 6130 6760 7536 11925 12261 7017 8099 12690 11743 10995 8578 9810 11866 7183 8894 8929 7517 12939 13142 12943 12934 11814 7485 12763 12049 11040 11639 8429 5592 11390 12178 11282 12660 6640 12585 6972 8892 10678 6783 11095 10989 9442 10386 12622 7306 7522 12528 11563 10241 6115 6071 11195 11096 12145 6110 7086 12064 7684 7297 5688 9191 8890 8252 12710 11122 12579 10199 13179 9498 9641 5185 11277 7252 9100 10302 6479 8114 7627 12826 10644 10194 6920 9185 12265 12336 6853 7079 12887 8920 8376 7812 11714 5975 8846 11144 10182 8772 6534 7861 12833 7229 6628 6171 9935 11023 10207 7938 7041 8433 10549 9216 10822 10290 11271 8649 5493 9490 9378 8572 10349 13121 7673 12619 6792 10423 10321 9297 6248 13227 9778 6088 11397 11528 5698 9061 7731 11145 10456 10825 7325 8013 5164 10740 10030 11562 12077 11384 6066 11912 11983 10566 7326 10774 9217 12558 11070 10776 6499 10915 11584 6908 8873 9616 9209 11631 5283 8149 8012 5280 6085 8796 7695 7488 8308 8960 8215 5322 7769 5551 7954 7551 5748 5404 13075 7544 6426 8413 7072 6711 12606 12540 11818 12706 6492 10972 5737 9120 13174 11893 10123 6768 8167 5079 5708 12233 6284 8707 7905 5346 6327 10269 9172 7118 11590 13305 11792 11296 12402 6359 5746 6761 7115 7094 10567 12437 5880 8562 13200 5115 8457 9192 11164 10557 10299 5155 9857 9457 9525 12141 11627 10057 10670 7856 6594 12195 7858 12739 12795 13095 12876 5165 7917 9577 13215 10872 9702 12919 7994 7911 6191 10855 11920 11871 6289 6236 8677 10267 8773 13193 13214 9548 8883 6295 8678 5336 8876 5856 12507 6467 5561 7883 6120 5362 5295 8455 5301 11426 5456 7656 12194 10480 7821 7304 7316 13042 6718 10612 5225 8997 5191 7471 9159 13241 9340 9291 10329 9537 13263 8173 12872 7343 5119 5208 6159 6957 5986 7095 7134 12860 7573 5735 12565 9689 12375 10137 13337 7477 11767 9899 11735 7208 8299 7171 9273 5966 7310 6308 10056 10172 8908 13050 6738 11291 10214 5437 12483 7563 8817 5307 12094 13296 12047 12151 6480 9732 13346 5676 9337 9875 5618 7904 10461 8932 8547 5881 12374 12982 7713 9263 7353 5099 9078 8535 6488 10022 13202 9838 9341 6379 10216 9054 9027 5851 10631 11844 11774 7505 6830 8350 6061 7063 11406 13210 7852 8311 8016 6623 10984 9300 8304 6255 9594 5314 153630 13284 6301 12003 9871 12610 6965 7272 7752 13178 7951 7828 6515 5098 11628 10291 9495 11298 12089 6073 7025 7962 8974 5230 12495 11320 10654 10583 5900 9913 10205 8282 6730 7231 9254 7497 8124 9049 10155 10651 6569 6898 9892 6843 12603 7872 7026 8524 7052 8377 7697 8461 6170 12758 8325 6523 5176 7843 8680 11611 6468 11690 11046 8291 13269 6452 11027 6948 6882 7864 12847 9055 12899 7618 11407 6532 10729 6634 5926 12506 11904 9754 6343 9605 13175 7631 7394 9138 7916 5705 153660 8104 7292 9129 11740 11002 10553 12088 9276 7180 7502 12971 13343 10804 11059 9486 11245 5222 8263 7062 7324 12755 10717 9941 9693 13325 10437 8061 7964 7400 7296 8093 7569 6863 11559 6016 5635 8909 7105 8814 7753 12471 5395 7787 7974 12811 6395 10515 9706 6700 6705 13209 8852 9924 10425 12338 12954 8176 12963 8179 5652 10714 12198 6555 12380 9262 5163 8946 5766 5885 11932 8584 9587 9539 12905 11182 10838 12529 5889 12062 9393 9363 11615 6525 9936 10151 10853 11382 7298 12838 8906 8761 8740 10659 8832 11365 11143 12298 7150 10578 10634 11798 11373 10706 9881 12514 9179 11673 9821 6785 6302 13134 9103 9831 10395 6358 9870 10977 9928 9749 11670 10421 10385 8272 7886 7511 8990 9377 8312 9695 10886 10197 6270 9238 11626 11535 11444 6545 12106 7845 13024 9887 10219 10888 5747 7939 7382 5486 10616 5758 7174 5621 11264 9423 9637 11909 10574 11275 11325 13274 12119 10816 8023 6652 7169 12856 6207 6334 5268 6919 6449 6035 13308 11679 9898 12382 5091 5082 11065 9617 11674 8896 6528 10543 6662 7333 9004 5742 8930 12318 11974 7433 12069 7647 7770 7830 7463 6865 6603 10370 6434 7293 12594 10781 11203 10947 10548 11834 9579 11550 13344 12299 5936 5221 7397 9886 5794 10545 12449 11782 12156 11000 10177 11752 11266 10230 9201 10517 11450 9725 9170 9365 11258 6596 10537 10358 6559 8499 5632 5220 7461 8375 10117 11747 9931 12065 9239 7674 7054 12357 6774 12395 7820 13136 10927 11120 11025 12657 11953 11543 10812 8941 8751 9558 11445 10844 8711 13159 5611 12033 10071 11841 11857 10276 5883 5891 11895 9449 9653 10522 10640 6851 7455 7258 9126 6503 11470 9884 8927 7556 5488 11009 12186 6852 6962 7196 12628 10003 11848 7035 8141 8752 10738 9836 5848 12518 13244 10007 8245 6352 9633 11988 11720 5261 6874 153632 5135 7727 6773 8132 5497 5097 13219 11936 12372 12470 5217 5412 6941 12389 9750 11771 9354 11057 9468 5233 7010 7641 11383 9380 11363 9068 5683 7430 5895 10114 11608 11218 12231 12653 7447 7076 11506 12241 10544 12802 7686 8292 13085 5465 5854 6368 11442 7667 8899 7070 6978 6131 10518 10968 10688 12458 5500 5721 13347 12492 8259 5333 7467 7702 9016 12801 9203 9372 9955 6912 7457 6804 11487 5554 6820 7000 13094 6924 13161 5394 7655 5081 12705 7722 8074 7290 8922 8886 7176 8912 12670 9823 11636 6080 7566 7012 7022 12736 6995 8348 12709 5332 7037 11558 11048 13208 7749 12420 11994 12316 12915 8088 5647 5312 6462 9204 9428 6561 10500 10793 9501 11696 10834 10716 5937 6128 7266 8870 8723 9303 9735 12504 13335 11149 9463 9584 8041 10181 10686 10505 11073 11656 12532 10526 7355 12632 8030 5402 6806 7376 8585 11064 11265 5504 10366 9983 8384 8725 6396 9748 10777 5659 7838 9843 11285 12473 5690 5203 6732 11194 11557 9739 8575 8380 8337 10653 6253 9963 12424 9062 7439 10689 9464 11630 11344 10502 7236 6059 6845 11665 11796 12799 12807 9065 7046 6213 10932 7282 7377 7388 5408 7754 8895 8122 7190 12950 6772 11227 7434 153644 10235 11431 9404 12397 8668 6186 8851 11140 10944 9472 12367 6660 10507 12324 9429 12996 12962 6579 13166 11998 11680 12302 12264 11750 9801 8498 8695 11090 9417 11391 12235 6728 8243 10400 7524 8223 6293 6232 10012 6565 12388 12837 7005 11514 13280 10847 9816 10767 8127 7288 9144 7275 12452 7908 7915 5271 6955 11155 6229 13153 10637 6211 10440 10352 10357 6353 9799 11039 12346 13285 11946 11772 11616 6725 6734 9721 12238 11299 9145 8476 8804 12042 6398 12542 6715 12753 10851 6498 9622 10905 9338 6681 12485 11742 10733 9257 6643 6590 10085 5188 10656 9508 9420 10839 9602 11515 7122 6178 9640 9930 9729 12671 11505 9837 5536 5530 7761 12814 7040 5767 5843 7047 7493 5607 6986 6942 8620 9308 10908 9244 10068 5988 7029 13097 8164 6517 9885 8472 7629 6605 11077 10701 11602 11107 9620 11080 12350 9825 12273 10146 6410 5122 9026 13300 12592 5483 7640 11496 6613 9323 10503 12556 12415 12516 6447 9603 9119 10284 6349 10330 7885 6521 11240 6240 10195 9569 12311 6062 8473 5105 8378 7950 6987 13312 6537 8850 5646 8116 5535 8541 10325 11862 12179 11255 12283 6375 11117 9590 13016 13010 7813 9009 13235 10840 9601 8303 5930 9437 9041 7748 8860 12728 6184 10894 6484 9989 9682 11254 6098 9770 9214 8160 7237 5591 8617 7574 6813 6914 7825 5373 8036 5120 5204 12742 7580 12623 10610 11031 12272 11062 12208 9412 12339 9841 12189 11099 7393 7961 7884 7370 8189 12930 12974 7286 10949 10011 10735 12569 10095 11609 9731 11694 12161 10884 9326 5516 12491 7443 6029 12341 11950 11101 12700 9081 13171 10994 10933 7923 6765 11351 7187 11891 6504 10110 9719 10742 10136 9797 11335 6597 7523 6401 6404 11992 9489 7934 5303 8276 5327 5285 6037 8816 11125 6671 9890 11513 11663 10006 9421 9516 153638 12926 9003 7910 13160 5955 11139 8744 12038 11495 8601 8863 5206 12916 12932 13053 13173 8507 6509 5899 9832 11015 11997 12107 11906 7470 8652 10295 12310 8586 8532 6274 7486 7450 7501 8154 13155 6038 9543 11610 9399 8047 5343 12359 11867 9454 10789 10850 11181 11658 10533 8451 7409 5441 12740 12704 5252 8720 7935 5650 9268 7913 13101 10702 12386 12213 9613 11657 7941 6779 12378 8346 7762 12817 6095 8915 6146 12673 11053 12018 10588 12911 8372 9720 8151 5149 8231 6156 6202 9406 8489 11403 
Runtime in Minutes.: 15
